delivery_event_id,po_line_id,purchase_order_id,supplier_id,product_id,destination_store_id,order_date,expected_delivery_date,actual_delivery_date,ordered_units,received_units,line_status
DEV0000001,POL000001,PO00001,SUP012,SKU0002,STR008,2025-02-14,2025-02-24,2025-02-21,112,68,Complete
DEV0000002,POL000001,PO00001,SUP012,SKU0002,STR008,2025-02-14,2025-02-24,2025-02-22,112,44,Complete
DEV0000003,POL000002,PO00001,SUP006,SKU0005,STR015,2025-02-14,2025-02-24,2025-02-22,59,59,Complete
DEV0000004,POL000003,PO00001,SUP005,SKU0008,STR022,2025-02-14,2025-02-24,2025-02-22,97,97,Complete
DEV0000005,POL000004,PO00001,SUP011,SKU0011,STR005,2025-02-14,2025-02-24,2025-02-22,36,36,Complete
DEV0000006,POL000005,PO00001,SUP005,SKU0014,STR012,2025-02-14,2025-02-24,2025-02-21,95,48,Complete
DEV0000007,POL000005,PO00001,SUP005,SKU0014,STR012,2025-02-14,2025-02-24,2025-02-22,95,47,Complete
DEV0000008,POL000006,PO00002,SUP004,SKU0017,STR019,2025-02-14,2025-02-24,2025-02-22,93,93,Complete
DEV0000009,POL000007,PO00002,SUP010,SKU0020,STR002,2025-02-14,2025-02-24,2025-02-24,52,52,Complete
DEV0000010,POL000008,PO00002,SUP009,SKU0023,STR009,2025-02-14,2025-02-24,2025-02-28,50,50,Complete
DEV0000011,POL000009,PO00002,SUP003,SKU0026,STR016,2025-02-14,2025-02-24,2025-02-21,111,73,Complete
DEV0000012,POL000009,PO00002,SUP003,SKU0026,STR016,2025-02-14,2025-02-24,2025-02-22,111,38,Complete
DEV0000013,POL000010,PO00002,SUP002,SKU0029,STR023,2025-02-14,2025-02-24,2025-02-24,102,102,Complete
DEV0000014,POL000011,PO00003,SUP008,SKU0032,STR006,2025-02-14,2025-02-24,2025-02-22,43,43,Complete
DEV0000015,POL000012,PO00003,SUP002,SKU0035,STR013,2025-02-14,2025-02-24,2025-02-23,103,103,Complete
DEV0000016,POL000013,PO00003,SUP001,SKU0038,STR020,2025-02-14,2025-02-24,2025-02-22,95,95,Complete
DEV0000017,POL000014,PO00003,SUP007,SKU0041,STR003,2025-02-14,2025-02-24,2025-02-23,37,37,Complete
DEV0000018,POL000015,PO00003,SUP006,SKU0044,STR010,2025-02-14,2025-02-24,2025-02-23,35,35,Complete
DEV0000019,POL000016,PO00004,SUP012,SKU0047,STR017,2025-02-14,2025-02-24,2025-02-22,29,29,Complete
DEV0000020,POL000017,PO00004,SUP011,SKU0050,STR024,2025-02-14,2025-02-24,2025-02-23,33,33,Complete
DEV0000021,POL000018,PO00004,SUP005,SKU0053,STR007,2025-02-14,2025-02-24,2025-02-24,132,132,Complete
DEV0000022,POL000019,PO00004,SUP011,SKU0056,STR014,2025-02-14,2025-02-24,2025-02-22,116,116,Complete
DEV0000023,POL000020,PO00004,SUP010,SKU0059,STR021,2025-02-14,2025-02-24,2025-02-23,30,30,Complete
DEV0000024,POL000021,PO00005,SUP004,SKU0062,STR004,2025-02-14,2025-02-24,2025-02-24,30,30,Complete
DEV0000025,POL000022,PO00005,SUP003,SKU0065,STR011,2025-02-14,2025-02-24,2025-02-22,77,52,Complete
DEV0000026,POL000022,PO00005,SUP003,SKU0065,STR011,2025-02-14,2025-02-24,2025-02-23,77,25,Complete
DEV0000027,POL000023,PO00005,SUP009,SKU0068,STR018,2025-02-14,2025-02-24,2025-02-23,34,34,Complete
DEV0000028,POL000024,PO00005,SUP008,SKU0071,STR001,2025-02-14,2025-02-24,2025-02-24,27,27,Complete
DEV0000029,POL000025,PO00005,SUP002,SKU0074,STR008,2025-02-14,2025-02-24,2025-02-23,128,128,Complete
DEV0000030,POL000026,PO00006,SUP008,SKU0077,STR015,2025-02-14,2025-02-24,2025-02-22,46,46,Complete
DEV0000031,POL000027,PO00006,SUP007,SKU0080,STR022,2025-02-14,2025-02-24,2025-02-24,53,53,Complete
DEV0000032,POL000028,PO00006,SUP001,SKU0083,STR005,2025-02-14,2025-02-24,2025-02-23,29,29,Complete
DEV0000033,POL000029,PO00006,SUP012,SKU0086,STR012,2025-02-14,2025-02-24,2025-02-24,135,135,Complete
DEV0000034,POL000030,PO00006,SUP006,SKU0089,STR019,2025-02-14,2025-02-24,2025-03-01,43,43,Complete
DEV0000035,POL000031,PO00007,SUP005,SKU0092,STR002,2025-02-14,2025-02-24,2025-02-23,35,35,Complete
DEV0000036,POL000032,PO00007,SUP011,SKU0095,STR009,2025-02-14,2025-02-24,2025-02-24,29,29,Complete
DEV0000037,POL000033,PO00007,SUP006,SKU0001,STR016,2025-02-21,2025-03-03,2025-03-02,47,47,Complete
DEV0000038,POL000034,PO00007,SUP012,SKU0004,STR023,2025-02-21,2025-03-03,2025-03-01,112,51,Complete
DEV0000039,POL000034,PO00007,SUP012,SKU0004,STR023,2025-02-21,2025-03-03,2025-03-02,112,61,Complete
DEV0000040,POL000035,PO00007,SUP006,SKU0007,STR006,2025-02-21,2025-03-03,2025-03-03,54,54,Complete
DEV0000041,POL000036,PO00008,SUP005,SKU0010,STR013,2025-02-21,2025-03-03,2025-03-03,50,38,Partially Received
DEV0000042,POL000037,PO00008,SUP011,SKU0013,STR020,2025-02-21,2025-03-03,2025-03-01,67,67,Complete
DEV0000043,POL000038,PO00008,SUP010,SKU0016,STR003,2025-02-21,2025-03-03,2025-03-03,75,70,Partially Received
DEV0000044,POL000039,PO00008,SUP004,SKU0019,STR010,2025-02-21,2025-03-03,2025-03-01,136,136,Complete
DEV0000045,POL000040,PO00008,SUP003,SKU0022,STR017,2025-02-21,2025-03-03,2025-03-03,38,38,Complete
DEV0000046,POL000041,PO00009,SUP009,SKU0025,STR024,2025-02-21,2025-03-03,2025-03-03,102,102,Complete
DEV0000047,POL000042,PO00009,SUP003,SKU0028,STR007,2025-02-21,2025-03-03,2025-03-02,96,96,Complete
DEV0000048,POL000043,PO00009,SUP002,SKU0031,STR014,2025-02-21,2025-03-03,2025-03-01,120,120,Complete
DEV0000049,POL000044,PO00009,SUP008,SKU0034,STR021,2025-02-21,2025-03-03,2025-03-02,85,85,Complete
DEV0000050,POL000045,PO00009,SUP007,SKU0037,STR004,2025-02-21,2025-03-03,2025-03-03,31,31,Complete
DEV0000051,POL000046,PO00010,SUP001,SKU0040,STR011,2025-02-21,2025-03-03,2025-03-03,78,78,Complete
DEV0000052,POL000047,PO00010,SUP012,SKU0043,STR018,2025-02-21,2025-03-03,2025-03-02,134,134,Complete
DEV0000053,POL000048,PO00010,SUP006,SKU0046,STR001,2025-02-21,2025-03-03,2025-02-28,129,84,Complete
DEV0000054,POL000048,PO00010,SUP006,SKU0046,STR001,2025-02-21,2025-03-03,2025-03-01,129,45,Complete
DEV0000055,POL000049,PO00010,SUP012,SKU0049,STR008,2025-02-21,2025-03-03,2025-03-02,140,85,Complete
DEV0000056,POL000049,PO00010,SUP012,SKU0049,STR008,2025-02-21,2025-03-03,2025-03-03,140,55,Complete
DEV0000057,POL000050,PO00010,SUP011,SKU0052,STR015,2025-02-21,2025-03-03,2025-03-03,121,121,Complete
DEV0000058,POL000051,PO00011,SUP005,SKU0055,STR022,2025-02-21,2025-03-03,2025-03-02,44,44,Complete
DEV0000059,POL000052,PO00011,SUP004,SKU0058,STR005,2025-02-21,2025-03-03,2025-03-02,35,35,Complete
DEV0000060,POL000053,PO00011,SUP010,SKU0061,STR012,2025-02-21,2025-03-03,2025-03-01,95,95,Complete
DEV0000061,POL000054,PO00011,SUP009,SKU0064,STR019,2025-02-21,2025-03-03,2025-03-03,59,59,Complete
DEV0000062,POL000055,PO00011,SUP003,SKU0067,STR002,2025-02-21,2025-03-03,2025-03-01,78,78,Complete
DEV0000063,POL000056,PO00012,SUP009,SKU0070,STR009,2025-02-21,2025-03-03,2025-03-02,33,33,Complete
DEV0000064,POL000057,PO00012,SUP008,SKU0073,STR016,2025-02-21,2025-03-03,2025-03-03,51,51,Complete
DEV0000065,POL000058,PO00012,SUP002,SKU0076,STR023,2025-02-21,2025-03-03,2025-03-01,58,43,Complete
DEV0000066,POL000058,PO00012,SUP002,SKU0076,STR023,2025-02-21,2025-03-03,2025-03-02,58,15,Complete
DEV0000067,POL000059,PO00012,SUP001,SKU0079,STR006,2025-02-21,2025-03-03,2025-03-03,137,137,Complete
DEV0000068,POL000060,PO00012,SUP007,SKU0082,STR013,2025-02-21,2025-03-03,2025-03-02,77,77,Complete
DEV0000069,POL000061,PO00013,SUP006,SKU0085,STR020,2025-02-21,2025-03-03,2025-03-04,33,33,Complete
DEV0000070,POL000062,PO00013,SUP012,SKU0088,STR003,2025-02-21,2025-03-03,2025-03-04,75,75,Complete
DEV0000071,POL000063,PO00013,SUP006,SKU0091,STR010,2025-02-21,2025-03-03,2025-03-03,55,55,Complete
DEV0000072,POL000064,PO00013,SUP005,SKU0094,STR017,2025-02-21,2025-03-03,2025-03-02,35,35,Complete
DEV0000073,POL000065,PO00013,SUP006,SKU0003,STR024,2025-02-28,2025-03-10,2025-03-10,124,124,Complete
DEV0000074,POL000066,PO00014,SUP012,SKU0006,STR007,2025-02-28,2025-03-10,2025-03-10,130,130,Complete
DEV0000075,POL000067,PO00014,SUP011,SKU0009,STR014,2025-02-28,2025-03-10,2025-03-12,53,29,Complete
DEV0000076,POL000067,PO00014,SUP011,SKU0009,STR014,2025-02-28,2025-03-10,2025-03-13,53,24,Complete
DEV0000077,POL000068,PO00014,SUP005,SKU0012,STR021,2025-02-28,2025-03-10,2025-03-08,134,134,Complete
DEV0000078,POL000069,PO00014,SUP004,SKU0015,STR004,2025-02-28,2025-03-10,2025-03-10,81,81,Complete
DEV0000079,POL000070,PO00014,SUP010,SKU0018,STR011,2025-02-28,2025-03-10,2025-03-10,97,84,Partially Received
DEV0000080,POL000071,PO00015,SUP004,SKU0021,STR018,2025-02-28,2025-03-10,2025-03-09,110,110,Complete
DEV0000081,POL000072,PO00015,SUP003,SKU0024,STR001,2025-02-28,2025-03-10,2025-03-10,51,51,Complete
DEV0000082,POL000073,PO00015,SUP009,SKU0027,STR008,2025-02-28,2025-03-10,2025-03-10,57,57,Complete
DEV0000083,POL000074,PO00015,SUP008,SKU0030,STR015,2025-02-28,2025-03-10,2025-03-09,99,99,Complete
DEV0000084,POL000075,PO00015,SUP002,SKU0033,STR022,2025-02-28,2025-03-10,2025-03-08,70,70,Complete
DEV0000085,POL000076,PO00016,SUP001,SKU0036,STR005,2025-02-28,2025-03-10,2025-03-09,33,33,Complete
DEV0000086,POL000077,PO00016,SUP007,SKU0039,STR012,2025-02-28,2025-03-10,2025-03-13,94,94,Complete
DEV0000087,POL000078,PO00016,SUP001,SKU0042,STR019,2025-02-28,2025-03-10,2025-03-08,123,44,Partially Received
DEV0000088,POL000078,PO00016,SUP001,SKU0042,STR019,2025-02-28,2025-03-10,2025-03-09,123,49,Partially Received
DEV0000089,POL000079,PO00016,SUP012,SKU0045,STR002,2025-02-28,2025-03-10,2025-03-10,133,133,Complete
DEV0000090,POL000080,PO00016,SUP006,SKU0048,STR009,2025-02-28,2025-03-10,2025-03-14,87,87,Complete
DEV0000091,POL000081,PO00017,SUP005,SKU0051,STR016,2025-02-28,2025-03-10,2025-03-08,116,116,Complete
DEV0000092,POL000082,PO00017,SUP011,SKU0054,STR023,2025-02-28,2025-03-10,2025-03-15,76,76,Complete
DEV0000093,POL000083,PO00017,SUP010,SKU0057,STR006,2025-02-28,2025-03-10,2025-03-08,75,75,Complete
DEV0000094,POL000084,PO00017,SUP004,SKU0060,STR013,2025-02-28,2025-03-10,2025-03-09,27,27,Complete
DEV0000095,POL000085,PO00017,SUP010,SKU0063,STR020,2025-02-28,2025-03-10,2025-03-09,56,56,Complete
DEV0000096,POL000086,PO00018,SUP009,SKU0066,STR003,2025-02-28,2025-03-10,2025-03-10,61,61,Complete
DEV0000097,POL000087,PO00018,SUP003,SKU0069,STR010,2025-02-28,2025-03-10,2025-03-09,110,53,Complete
DEV0000098,POL000087,PO00018,SUP003,SKU0069,STR010,2025-02-28,2025-03-10,2025-03-10,110,57,Complete
DEV0000099,POL000088,PO00018,SUP002,SKU0072,STR017,2025-02-28,2025-03-10,2025-03-10,59,59,Complete
DEV0000100,POL000089,PO00018,SUP008,SKU0075,STR024,2025-02-28,2025-03-10,2025-03-10,134,134,Complete
DEV0000101,POL000090,PO00018,SUP007,SKU0078,STR007,2025-02-28,2025-03-10,2025-03-09,118,118,Complete
DEV0000102,POL000091,PO00019,SUP001,SKU0081,STR014,2025-02-28,2025-03-10,2025-03-08,82,82,Complete
DEV0000103,POL000092,PO00019,SUP007,SKU0084,STR021,2025-02-28,2025-03-10,2025-03-09,101,101,Complete
DEV0000104,POL000093,PO00019,SUP006,SKU0087,STR004,2025-02-28,2025-03-10,2025-03-09,98,66,Complete
DEV0000105,POL000093,PO00019,SUP006,SKU0087,STR004,2025-02-28,2025-03-10,2025-03-10,98,32,Complete
DEV0000106,POL000094,PO00019,SUP012,SKU0090,STR011,2025-02-28,2025-03-10,2025-03-07,51,28,Complete
DEV0000107,POL000094,PO00019,SUP012,SKU0090,STR011,2025-02-28,2025-03-10,2025-03-08,51,23,Complete
DEV0000108,POL000095,PO00019,SUP011,SKU0093,STR018,2025-02-28,2025-03-10,2025-03-10,33,33,Complete
DEV0000109,POL000096,PO00020,SUP005,SKU0096,STR001,2025-02-28,2025-03-10,2025-03-07,74,51,Complete
DEV0000110,POL000096,PO00020,SUP005,SKU0096,STR001,2025-02-28,2025-03-10,2025-03-08,74,23,Complete
DEV0000111,POL000097,PO00020,SUP012,SKU0002,STR008,2025-03-07,2025-03-17,2025-03-16,115,115,Complete
DEV0000112,POL000098,PO00020,SUP006,SKU0005,STR015,2025-03-07,2025-03-17,2025-03-15,85,85,Complete
DEV0000113,POL000099,PO00020,SUP005,SKU0008,STR022,2025-03-07,2025-03-17,2025-03-17,97,97,Complete
DEV0000114,POL000100,PO00020,SUP011,SKU0011,STR005,2025-03-07,2025-03-17,2025-03-14,89,52,Complete
DEV0000115,POL000100,PO00020,SUP011,SKU0011,STR005,2025-03-07,2025-03-17,2025-03-15,89,37,Complete
DEV0000116,POL000101,PO00021,SUP005,SKU0014,STR012,2025-03-07,2025-03-17,2025-03-15,104,104,Complete
DEV0000117,POL000102,PO00021,SUP004,SKU0017,STR019,2025-03-07,2025-03-17,2025-03-16,130,83,Complete
DEV0000118,POL000102,PO00021,SUP004,SKU0017,STR019,2025-03-07,2025-03-17,2025-03-17,130,47,Complete
DEV0000119,POL000103,PO00021,SUP010,SKU0020,STR002,2025-03-07,2025-03-17,2025-03-16,83,83,Complete
DEV0000120,POL000104,PO00021,SUP009,SKU0023,STR009,2025-03-07,2025-03-17,2025-03-16,96,48,Complete
DEV0000121,POL000104,PO00021,SUP009,SKU0023,STR009,2025-03-07,2025-03-17,2025-03-17,96,48,Complete
DEV0000122,POL000105,PO00021,SUP003,SKU0026,STR016,2025-03-07,2025-03-17,2025-03-19,44,44,Complete
DEV0000123,POL000106,PO00022,SUP002,SKU0029,STR023,2025-03-07,2025-03-17,2025-03-21,135,101,Complete
DEV0000124,POL000106,PO00022,SUP002,SKU0029,STR023,2025-03-07,2025-03-17,2025-03-22,135,34,Complete
DEV0000125,POL000107,PO00022,SUP008,SKU0032,STR006,2025-03-07,2025-03-17,2025-03-16,102,102,Complete
DEV0000126,POL000108,PO00022,SUP002,SKU0035,STR013,2025-03-07,2025-03-17,2025-03-17,136,118,Partially Received
DEV0000127,POL000109,PO00022,SUP001,SKU0038,STR020,2025-03-07,2025-03-17,2025-03-17,78,78,Complete
DEV0000128,POL000110,PO00022,SUP007,SKU0041,STR003,2025-03-07,2025-03-17,2025-03-15,82,42,Complete
DEV0000129,POL000110,PO00022,SUP007,SKU0041,STR003,2025-03-07,2025-03-17,2025-03-16,82,40,Complete
DEV0000130,POL000111,PO00023,SUP006,SKU0044,STR010,2025-03-07,2025-03-17,2025-03-17,76,76,Complete
DEV0000131,POL000112,PO00023,SUP012,SKU0047,STR017,2025-03-07,2025-03-17,2025-03-16,125,125,Complete
DEV0000132,POL000113,PO00023,SUP011,SKU0050,STR024,2025-03-07,2025-03-17,2025-03-16,51,51,Complete
DEV0000133,POL000114,PO00023,SUP005,SKU0053,STR007,2025-03-07,2025-03-17,2025-03-15,33,33,Complete
DEV0000134,POL000115,PO00023,SUP011,SKU0056,STR014,2025-03-07,2025-03-17,2025-03-15,85,85,Complete
DEV0000135,POL000116,PO00024,SUP010,SKU0059,STR021,2025-03-07,2025-03-17,2025-03-16,91,91,Complete
DEV0000136,POL000117,PO00024,SUP004,SKU0062,STR004,2025-03-07,2025-03-17,2025-03-15,93,93,Complete
DEV0000137,POL000118,PO00024,SUP003,SKU0065,STR011,2025-03-07,2025-03-17,2025-03-16,97,69,Complete
DEV0000138,POL000118,PO00024,SUP003,SKU0065,STR011,2025-03-07,2025-03-17,2025-03-17,97,28,Complete
DEV0000139,POL000119,PO00024,SUP009,SKU0068,STR018,2025-03-07,2025-03-17,2025-03-16,59,59,Complete
DEV0000140,POL000120,PO00024,SUP008,SKU0071,STR001,2025-03-07,2025-03-17,2025-03-16,45,39,Partially Received
DEV0000141,POL000121,PO00025,SUP002,SKU0074,STR008,2025-03-07,2025-03-17,2025-03-15,100,52,Complete
DEV0000142,POL000121,PO00025,SUP002,SKU0074,STR008,2025-03-07,2025-03-17,2025-03-16,100,48,Complete
DEV0000143,POL000122,PO00025,SUP008,SKU0077,STR015,2025-03-07,2025-03-17,2025-03-20,94,94,Complete
DEV0000144,POL000123,PO00025,SUP007,SKU0080,STR022,2025-03-07,2025-03-17,2025-03-16,83,43,Partially Received
DEV0000145,POL000123,PO00025,SUP007,SKU0080,STR022,2025-03-07,2025-03-17,2025-03-17,83,26,Partially Received
DEV0000146,POL000124,PO00025,SUP001,SKU0083,STR005,2025-03-07,2025-03-17,2025-03-14,119,78,Complete
DEV0000147,POL000124,PO00025,SUP001,SKU0083,STR005,2025-03-07,2025-03-17,2025-03-15,119,41,Complete
DEV0000148,POL000125,PO00025,SUP012,SKU0086,STR012,2025-03-07,2025-03-17,2025-03-16,77,77,Complete
DEV0000149,POL000126,PO00026,SUP006,SKU0089,STR019,2025-03-07,2025-03-17,2025-03-17,38,38,Complete
DEV0000150,POL000127,PO00026,SUP005,SKU0092,STR002,2025-03-07,2025-03-17,2025-03-15,69,69,Complete
DEV0000151,POL000128,PO00026,SUP011,SKU0095,STR009,2025-03-07,2025-03-17,2025-03-21,37,37,Complete
DEV0000152,POL000129,PO00026,SUP006,SKU0001,STR016,2025-03-14,2025-03-24,2025-03-22,93,93,Complete
DEV0000153,POL000130,PO00026,SUP012,SKU0004,STR023,2025-03-14,2025-03-24,2025-03-23,63,34,Complete
DEV0000154,POL000130,PO00026,SUP012,SKU0004,STR023,2025-03-14,2025-03-24,2025-03-24,63,29,Complete
DEV0000155,POL000131,PO00027,SUP006,SKU0007,STR006,2025-03-14,2025-03-24,2025-03-22,50,50,Complete
DEV0000156,POL000132,PO00027,SUP005,SKU0010,STR013,2025-03-14,2025-03-24,2025-03-22,127,127,Complete
DEV0000157,POL000133,PO00027,SUP011,SKU0013,STR020,2025-03-14,2025-03-24,2025-03-22,114,114,Complete
DEV0000158,POL000134,PO00027,SUP010,SKU0016,STR003,2025-03-14,2025-03-24,2025-03-21,88,44,Complete
DEV0000159,POL000134,PO00027,SUP010,SKU0016,STR003,2025-03-14,2025-03-24,2025-03-22,88,44,Complete
DEV0000160,POL000135,PO00027,SUP004,SKU0019,STR010,2025-03-14,2025-03-24,2025-03-23,41,34,Partially Received
DEV0000161,POL000136,PO00028,SUP003,SKU0022,STR017,2025-03-14,2025-03-24,2025-03-22,85,55,Complete
DEV0000162,POL000136,PO00028,SUP003,SKU0022,STR017,2025-03-14,2025-03-24,2025-03-23,85,30,Complete
DEV0000163,POL000137,PO00028,SUP009,SKU0025,STR024,2025-03-14,2025-03-24,2025-03-26,80,80,Complete
DEV0000164,POL000138,PO00028,SUP003,SKU0028,STR007,2025-03-14,2025-03-24,2025-03-21,70,41,Complete
DEV0000165,POL000138,PO00028,SUP003,SKU0028,STR007,2025-03-14,2025-03-24,2025-03-22,70,29,Complete
DEV0000166,POL000139,PO00028,SUP002,SKU0031,STR014,2025-03-14,2025-03-24,2025-03-22,93,93,Complete
DEV0000167,POL000140,PO00028,SUP008,SKU0034,STR021,2025-03-14,2025-03-24,2025-03-22,89,55,Complete
DEV0000168,POL000140,PO00028,SUP008,SKU0034,STR021,2025-03-14,2025-03-24,2025-03-23,89,34,Complete
DEV0000169,POL000141,PO00029,SUP007,SKU0037,STR004,2025-03-14,2025-03-24,2025-03-23,96,87,Partially Received
DEV0000170,POL000142,PO00029,SUP001,SKU0040,STR011,2025-03-14,2025-03-24,2025-03-24,126,126,Complete
DEV0000171,POL000143,PO00029,SUP012,SKU0043,STR018,2025-03-14,2025-03-24,2025-03-24,108,108,Complete
DEV0000172,POL000144,PO00029,SUP006,SKU0046,STR001,2025-03-14,2025-03-24,2025-03-23,77,55,Complete
DEV0000173,POL000144,PO00029,SUP006,SKU0046,STR001,2025-03-14,2025-03-24,2025-03-24,77,22,Complete
DEV0000174,POL000145,PO00029,SUP012,SKU0049,STR008,2025-03-14,2025-03-24,2025-03-22,76,36,Complete
DEV0000175,POL000145,PO00029,SUP012,SKU0049,STR008,2025-03-14,2025-03-24,2025-03-23,76,40,Complete
DEV0000176,POL000146,PO00030,SUP011,SKU0052,STR015,2025-03-14,2025-03-24,2025-03-24,125,125,Complete
DEV0000177,POL000147,PO00030,SUP005,SKU0055,STR022,2025-03-14,2025-03-24,2025-03-26,100,59,Complete
DEV0000178,POL000147,PO00030,SUP005,SKU0055,STR022,2025-03-14,2025-03-24,2025-03-27,100,41,Complete
DEV0000179,POL000148,PO00030,SUP004,SKU0058,STR005,2025-03-14,2025-03-24,2025-03-22,82,82,Complete
DEV0000180,POL000149,PO00030,SUP010,SKU0061,STR012,2025-03-14,2025-03-24,2025-03-22,124,124,Complete
DEV0000181,POL000150,PO00030,SUP009,SKU0064,STR019,2025-03-14,2025-03-24,2025-03-23,31,31,Complete
DEV0000182,POL000151,PO00031,SUP003,SKU0067,STR002,2025-03-14,2025-03-24,2025-03-23,82,82,Complete
DEV0000183,POL000152,PO00031,SUP009,SKU0070,STR009,2025-03-14,2025-03-24,2025-03-23,109,109,Complete
DEV0000184,POL000153,PO00031,SUP008,SKU0073,STR016,2025-03-14,2025-03-24,2025-03-22,56,56,Complete
DEV0000185,POL000154,PO00031,SUP002,SKU0076,STR023,2025-03-14,2025-03-24,2025-03-22,139,104,Partially Received
DEV0000186,POL000155,PO00031,SUP001,SKU0079,STR006,2025-03-14,2025-03-24,2025-03-24,51,51,Complete
DEV0000187,POL000156,PO00032,SUP007,SKU0082,STR013,2025-03-14,2025-03-24,2025-03-24,50,50,Complete
DEV0000188,POL000157,PO00032,SUP006,SKU0085,STR020,2025-03-14,2025-03-24,2025-03-22,130,130,Complete
DEV0000189,POL000158,PO00032,SUP012,SKU0088,STR003,2025-03-14,2025-03-24,2025-03-23,31,24,Partially Received
DEV0000190,POL000159,PO00032,SUP006,SKU0091,STR010,2025-03-14,2025-03-24,2025-03-29,51,51,Complete
DEV0000191,POL000160,PO00032,SUP005,SKU0094,STR017,2025-03-14,2025-03-24,2025-03-23,78,78,Complete
DEV0000192,POL000161,PO00033,SUP006,SKU0003,STR024,2025-03-21,2025-03-31,2025-03-31,71,71,Complete
DEV0000193,POL000162,PO00033,SUP012,SKU0006,STR007,2025-03-21,2025-03-31,2025-03-31,140,140,Complete
DEV0000194,POL000163,PO00033,SUP011,SKU0009,STR014,2025-03-21,2025-03-31,2025-03-31,66,66,Complete
DEV0000195,POL000164,PO00033,SUP005,SKU0012,STR021,2025-03-21,2025-03-31,2025-03-30,39,39,Complete
DEV0000196,POL000165,PO00033,SUP004,SKU0015,STR004,2025-03-21,2025-03-31,2025-03-30,60,60,Complete
DEV0000197,POL000166,PO00034,SUP010,SKU0018,STR011,2025-03-21,2025-03-31,2025-03-31,25,25,Complete
DEV0000198,POL000167,PO00034,SUP004,SKU0021,STR018,2025-03-21,2025-03-31,2025-03-31,56,56,Complete
DEV0000199,POL000168,PO00034,SUP003,SKU0024,STR001,2025-03-21,2025-03-31,2025-03-29,83,83,Complete
DEV0000200,POL000169,PO00034,SUP009,SKU0027,STR008,2025-03-21,2025-03-31,2025-03-31,57,37,Complete
DEV0000201,POL000169,PO00034,SUP009,SKU0027,STR008,2025-03-21,2025-03-31,2025-04-01,57,20,Complete
DEV0000202,POL000170,PO00034,SUP008,SKU0030,STR015,2025-03-21,2025-03-31,2025-03-29,35,35,Complete
DEV0000203,POL000171,PO00035,SUP002,SKU0033,STR022,2025-03-21,2025-03-31,2025-03-30,29,29,Complete
DEV0000204,POL000172,PO00035,SUP001,SKU0036,STR005,2025-03-21,2025-03-31,2025-03-30,129,129,Complete
DEV0000205,POL000173,PO00035,SUP007,SKU0039,STR012,2025-03-21,2025-03-31,2025-03-30,36,31,Partially Received
DEV0000206,POL000174,PO00035,SUP001,SKU0042,STR019,2025-03-21,2025-03-31,2025-03-29,59,59,Complete
DEV0000207,POL000175,PO00035,SUP012,SKU0045,STR002,2025-03-21,2025-03-31,2025-03-29,99,99,Complete
DEV0000208,POL000176,PO00036,SUP006,SKU0048,STR009,2025-03-21,2025-03-31,2025-03-31,77,77,Complete
DEV0000209,POL000177,PO00036,SUP005,SKU0051,STR016,2025-03-21,2025-03-31,2025-04-05,79,79,Complete
DEV0000210,POL000178,PO00036,SUP011,SKU0054,STR023,2025-03-21,2025-03-31,2025-03-29,48,48,Complete
DEV0000211,POL000179,PO00036,SUP010,SKU0057,STR006,2025-03-21,2025-03-31,2025-03-31,93,93,Complete
DEV0000212,POL000180,PO00036,SUP004,SKU0060,STR013,2025-03-21,2025-03-31,2025-04-02,57,57,Complete
DEV0000213,POL000181,PO00037,SUP010,SKU0063,STR020,2025-03-21,2025-03-31,2025-03-30,80,52,Complete
DEV0000214,POL000181,PO00037,SUP010,SKU0063,STR020,2025-03-21,2025-03-31,2025-03-31,80,28,Complete
DEV0000215,POL000182,PO00037,SUP009,SKU0066,STR003,2025-03-21,2025-03-31,2025-03-29,30,30,Complete
DEV0000216,POL000183,PO00037,SUP003,SKU0069,STR010,2025-03-21,2025-03-31,2025-03-29,72,72,Complete
DEV0000217,POL000184,PO00037,SUP002,SKU0072,STR017,2025-03-21,2025-03-31,2025-03-29,65,65,Complete
DEV0000218,POL000185,PO00037,SUP008,SKU0075,STR024,2025-03-21,2025-03-31,2025-03-31,100,100,Complete
DEV0000219,POL000186,PO00038,SUP007,SKU0078,STR007,2025-03-21,2025-03-31,2025-03-30,133,133,Complete
DEV0000220,POL000187,PO00038,SUP001,SKU0081,STR014,2025-03-21,2025-03-31,2025-03-31,43,43,Complete
DEV0000221,POL000188,PO00038,SUP007,SKU0084,STR021,2025-03-21,2025-03-31,2025-03-31,107,107,Complete
DEV0000222,POL000189,PO00038,SUP006,SKU0087,STR004,2025-03-21,2025-03-31,2025-03-29,129,129,Complete
DEV0000223,POL000190,PO00038,SUP012,SKU0090,STR011,2025-03-21,2025-03-31,2025-03-30,140,140,Complete
DEV0000224,POL000191,PO00039,SUP011,SKU0093,STR018,2025-03-21,2025-03-31,2025-03-30,73,73,Complete
DEV0000225,POL000192,PO00039,SUP005,SKU0096,STR001,2025-03-21,2025-03-31,2025-03-29,62,62,Complete
DEV0000226,POL000193,PO00039,SUP012,SKU0002,STR008,2025-03-28,2025-04-07,2025-04-07,103,103,Complete
DEV0000227,POL000194,PO00039,SUP006,SKU0005,STR015,2025-03-28,2025-04-07,2025-04-11,80,80,Complete
DEV0000228,POL000195,PO00039,SUP005,SKU0008,STR022,2025-03-28,2025-04-07,2025-04-05,91,91,Complete
DEV0000229,POL000196,PO00040,SUP011,SKU0011,STR005,2025-03-28,2025-04-07,2025-04-07,115,115,Complete
DEV0000230,POL000197,PO00040,SUP005,SKU0014,STR012,2025-03-28,2025-04-07,2025-04-07,24,24,Complete
DEV0000231,POL000198,PO00040,SUP004,SKU0017,STR019,2025-03-28,2025-04-07,2025-04-06,75,75,Complete
DEV0000232,POL000199,PO00040,SUP010,SKU0020,STR002,2025-03-28,2025-04-07,2025-04-06,101,101,Complete
DEV0000233,POL000200,PO00040,SUP009,SKU0023,STR009,2025-03-28,2025-04-07,2025-04-07,122,122,Complete
DEV0000234,POL000201,PO00041,SUP003,SKU0026,STR016,2025-03-28,2025-04-07,2025-04-04,105,57,Complete
DEV0000235,POL000201,PO00041,SUP003,SKU0026,STR016,2025-03-28,2025-04-07,2025-04-05,105,48,Complete
DEV0000236,POL000202,PO00041,SUP002,SKU0029,STR023,2025-03-28,2025-04-07,2025-04-07,28,28,Complete
DEV0000237,POL000203,PO00041,SUP008,SKU0032,STR006,2025-03-28,2025-04-07,2025-04-04,108,66,Complete
DEV0000238,POL000203,PO00041,SUP008,SKU0032,STR006,2025-03-28,2025-04-07,2025-04-05,108,42,Complete
DEV0000239,POL000204,PO00041,SUP002,SKU0035,STR013,2025-03-28,2025-04-07,2025-04-07,137,137,Complete
DEV0000240,POL000205,PO00041,SUP001,SKU0038,STR020,2025-03-28,2025-04-07,2025-04-05,114,114,Complete
DEV0000241,POL000206,PO00042,SUP007,SKU0041,STR003,2025-03-28,2025-04-07,2025-04-06,51,26,Complete
DEV0000242,POL000206,PO00042,SUP007,SKU0041,STR003,2025-03-28,2025-04-07,2025-04-07,51,25,Complete
DEV0000243,POL000207,PO00042,SUP006,SKU0044,STR010,2025-03-28,2025-04-07,2025-04-07,129,129,Complete
DEV0000244,POL000208,PO00042,SUP012,SKU0047,STR017,2025-03-28,2025-04-07,2025-04-05,66,66,Complete
DEV0000245,POL000209,PO00042,SUP011,SKU0050,STR024,2025-03-28,2025-04-07,2025-04-07,51,51,Complete
DEV0000246,POL000210,PO00042,SUP005,SKU0053,STR007,2025-03-28,2025-04-07,2025-04-04,63,40,Complete
DEV0000247,POL000210,PO00042,SUP005,SKU0053,STR007,2025-03-28,2025-04-07,2025-04-05,63,23,Complete
DEV0000248,POL000211,PO00043,SUP011,SKU0056,STR014,2025-03-28,2025-04-07,2025-04-06,125,125,Complete
DEV0000249,POL000212,PO00043,SUP010,SKU0059,STR021,2025-03-28,2025-04-07,2025-04-05,31,31,Complete
DEV0000250,POL000213,PO00043,SUP004,SKU0062,STR004,2025-03-28,2025-04-07,2025-04-07,54,54,Complete
DEV0000251,POL000214,PO00043,SUP003,SKU0065,STR011,2025-03-28,2025-04-07,2025-04-07,113,113,Complete
DEV0000252,POL000215,PO00043,SUP009,SKU0068,STR018,2025-03-28,2025-04-07,2025-04-07,61,61,Complete
DEV0000253,POL000216,PO00044,SUP008,SKU0071,STR001,2025-03-28,2025-04-07,2025-04-07,40,37,Partially Received
DEV0000254,POL000217,PO00044,SUP002,SKU0074,STR008,2025-03-28,2025-04-07,2025-04-06,31,31,Complete
DEV0000255,POL000218,PO00044,SUP008,SKU0077,STR015,2025-03-28,2025-04-07,2025-04-05,99,99,Complete
DEV0000256,POL000219,PO00044,SUP007,SKU0080,STR022,2025-03-28,2025-04-07,2025-04-12,45,45,Complete
DEV0000257,POL000220,PO00044,SUP001,SKU0083,STR005,2025-03-28,2025-04-07,2025-04-05,44,44,Complete
DEV0000258,POL000221,PO00045,SUP012,SKU0086,STR012,2025-03-28,2025-04-07,2025-04-06,51,51,Complete
DEV0000259,POL000222,PO00045,SUP006,SKU0089,STR019,2025-03-28,2025-04-07,2025-04-06,54,54,Complete
DEV0000260,POL000223,PO00045,SUP005,SKU0092,STR002,2025-03-28,2025-04-07,2025-04-05,69,63,Partially Received
DEV0000261,POL000224,PO00045,SUP011,SKU0095,STR009,2025-03-28,2025-04-07,2025-04-06,85,85,Complete
DEV0000262,POL000225,PO00045,SUP006,SKU0001,STR016,2025-04-04,2025-04-14,2025-04-14,70,70,Complete
DEV0000263,POL000226,PO00046,SUP012,SKU0004,STR023,2025-04-04,2025-04-14,2025-04-14,81,81,Complete
DEV0000264,POL000227,PO00046,SUP006,SKU0007,STR006,2025-04-04,2025-04-14,2025-04-12,48,48,Complete
DEV0000265,POL000228,PO00046,SUP005,SKU0010,STR013,2025-04-04,2025-04-14,2025-04-12,123,123,Complete
DEV0000266,POL000229,PO00046,SUP011,SKU0013,STR020,2025-04-04,2025-04-14,2025-04-13,70,70,Complete
DEV0000267,POL000230,PO00046,SUP010,SKU0016,STR003,2025-04-04,2025-04-14,2025-04-13,78,78,Complete
DEV0000268,POL000231,PO00047,SUP004,SKU0019,STR010,2025-04-04,2025-04-14,2025-04-13,51,38,Complete
DEV0000269,POL000231,PO00047,SUP004,SKU0019,STR010,2025-04-04,2025-04-14,2025-04-14,51,13,Complete
DEV0000270,POL000232,PO00047,SUP003,SKU0022,STR017,2025-04-04,2025-04-14,2025-04-13,97,55,Complete
DEV0000271,POL000232,PO00047,SUP003,SKU0022,STR017,2025-04-04,2025-04-14,2025-04-14,97,42,Complete
DEV0000272,POL000233,PO00047,SUP009,SKU0025,STR024,2025-04-04,2025-04-14,2025-04-12,66,66,Complete
DEV0000273,POL000234,PO00047,SUP003,SKU0028,STR007,2025-04-04,2025-04-14,2025-04-13,106,106,Complete
DEV0000274,POL000235,PO00047,SUP002,SKU0031,STR014,2025-04-04,2025-04-14,2025-04-12,136,136,Complete
DEV0000275,POL000236,PO00048,SUP008,SKU0034,STR021,2025-04-04,2025-04-14,2025-04-13,60,60,Complete
DEV0000276,POL000237,PO00048,SUP007,SKU0037,STR004,2025-04-04,2025-04-14,2025-04-13,69,69,Complete
DEV0000277,POL000238,PO00048,SUP001,SKU0040,STR011,2025-04-04,2025-04-14,2025-04-12,90,62,Complete
DEV0000278,POL000238,PO00048,SUP001,SKU0040,STR011,2025-04-04,2025-04-14,2025-04-13,90,28,Complete
DEV0000279,POL000239,PO00048,SUP012,SKU0043,STR018,2025-04-04,2025-04-14,2025-04-12,25,25,Complete
DEV0000280,POL000240,PO00048,SUP006,SKU0046,STR001,2025-04-04,2025-04-14,2025-04-12,58,58,Complete
DEV0000281,POL000241,PO00049,SUP012,SKU0049,STR008,2025-04-04,2025-04-14,2025-04-12,50,50,Complete
DEV0000282,POL000242,PO00049,SUP011,SKU0052,STR015,2025-04-04,2025-04-14,2025-04-12,66,66,Complete
DEV0000283,POL000243,PO00049,SUP005,SKU0055,STR022,2025-04-04,2025-04-14,2025-04-12,83,83,Complete
DEV0000284,POL000244,PO00049,SUP004,SKU0058,STR005,2025-04-04,2025-04-14,2025-04-14,42,42,Complete
DEV0000285,POL000245,PO00049,SUP010,SKU0061,STR012,2025-04-04,2025-04-14,2025-04-12,33,33,Complete
DEV0000286,POL000246,PO00050,SUP009,SKU0064,STR019,2025-04-04,2025-04-14,2025-04-12,128,128,Complete
DEV0000287,POL000247,PO00050,SUP003,SKU0067,STR002,2025-04-04,2025-04-14,2025-04-14,81,81,Complete
DEV0000288,POL000248,PO00050,SUP009,SKU0070,STR009,2025-04-04,2025-04-14,2025-04-14,30,30,Complete
DEV0000289,POL000249,PO00050,SUP008,SKU0073,STR016,2025-04-04,2025-04-14,2025-04-12,68,68,Complete
DEV0000290,POL000250,PO00050,SUP002,SKU0076,STR023,2025-04-04,2025-04-14,2025-04-12,120,120,Complete
DEV0000291,POL000251,PO00051,SUP001,SKU0079,STR006,2025-04-04,2025-04-14,2025-04-12,34,34,Complete
DEV0000292,POL000252,PO00051,SUP007,SKU0082,STR013,2025-04-04,2025-04-14,2025-04-13,118,118,Complete
DEV0000293,POL000253,PO00051,SUP006,SKU0085,STR020,2025-04-04,2025-04-14,2025-04-14,87,78,Partially Received
DEV0000294,POL000254,PO00051,SUP012,SKU0088,STR003,2025-04-04,2025-04-14,2025-04-12,40,40,Complete
DEV0000295,POL000255,PO00051,SUP006,SKU0091,STR010,2025-04-04,2025-04-14,2025-04-13,140,60,Partially Received
DEV0000296,POL000255,PO00051,SUP006,SKU0091,STR010,2025-04-04,2025-04-14,2025-04-14,140,55,Partially Received
DEV0000297,POL000256,PO00052,SUP005,SKU0094,STR017,2025-04-04,2025-04-14,2025-04-14,59,59,Complete
DEV0000298,POL000257,PO00052,SUP006,SKU0003,STR024,2025-04-11,2025-04-21,2025-04-23,47,47,Complete
DEV0000299,POL000258,PO00052,SUP012,SKU0006,STR007,2025-04-11,2025-04-21,2025-04-19,33,33,Complete
DEV0000300,POL000259,PO00052,SUP011,SKU0009,STR014,2025-04-11,2025-04-21,2025-04-19,95,95,Complete
DEV0000301,POL000260,PO00052,SUP005,SKU0012,STR021,2025-04-11,2025-04-21,2025-04-20,86,86,Complete
DEV0000302,POL000261,PO00053,SUP004,SKU0015,STR004,2025-04-11,2025-04-21,2025-04-19,64,64,Complete
DEV0000303,POL000262,PO00053,SUP010,SKU0018,STR011,2025-04-11,2025-04-21,2025-04-19,100,100,Complete
DEV0000304,POL000263,PO00053,SUP004,SKU0021,STR018,2025-04-11,2025-04-21,2025-04-19,99,99,Complete
DEV0000305,POL000264,PO00053,SUP003,SKU0024,STR001,2025-04-11,2025-04-21,2025-04-21,117,117,Complete
DEV0000306,POL000265,PO00053,SUP009,SKU0027,STR008,2025-04-11,2025-04-21,2025-04-20,56,56,Complete
DEV0000307,POL000266,PO00054,SUP008,SKU0030,STR015,2025-04-11,2025-04-21,2025-04-19,77,77,Complete
DEV0000308,POL000267,PO00054,SUP002,SKU0033,STR022,2025-04-11,2025-04-21,2025-04-21,86,86,Complete
DEV0000309,POL000268,PO00054,SUP001,SKU0036,STR005,2025-04-11,2025-04-21,2025-04-21,74,74,Complete
DEV0000310,POL000269,PO00054,SUP007,SKU0039,STR012,2025-04-11,2025-04-21,2025-04-18,87,41,Complete
DEV0000311,POL000269,PO00054,SUP007,SKU0039,STR012,2025-04-11,2025-04-21,2025-04-19,87,46,Complete
DEV0000312,POL000270,PO00054,SUP001,SKU0042,STR019,2025-04-11,2025-04-21,2025-04-19,48,48,Complete
DEV0000313,POL000271,PO00055,SUP012,SKU0045,STR002,2025-04-11,2025-04-21,2025-04-20,30,30,Complete
DEV0000314,POL000272,PO00055,SUP006,SKU0048,STR009,2025-04-11,2025-04-21,2025-04-21,102,102,Complete
DEV0000315,POL000273,PO00055,SUP005,SKU0051,STR016,2025-04-11,2025-04-21,2025-04-19,24,24,Complete
DEV0000316,POL000274,PO00055,SUP011,SKU0054,STR023,2025-04-11,2025-04-21,2025-04-21,67,67,Complete
DEV0000317,POL000275,PO00055,SUP010,SKU0057,STR006,2025-04-11,2025-04-21,2025-04-21,76,76,Complete
DEV0000318,POL000276,PO00056,SUP004,SKU0060,STR013,2025-04-11,2025-04-21,2025-04-20,28,28,Complete
DEV0000319,POL000277,PO00056,SUP010,SKU0063,STR020,2025-04-11,2025-04-21,2025-04-21,49,49,Complete
DEV0000320,POL000278,PO00056,SUP009,SKU0066,STR003,2025-04-11,2025-04-21,2025-04-18,68,34,Complete
DEV0000321,POL000278,PO00056,SUP009,SKU0066,STR003,2025-04-11,2025-04-21,2025-04-19,68,34,Complete
DEV0000322,POL000279,PO00056,SUP003,SKU0069,STR010,2025-04-11,2025-04-21,2025-04-20,89,89,Complete
DEV0000323,POL000280,PO00056,SUP002,SKU0072,STR017,2025-04-11,2025-04-21,2025-04-19,80,80,Complete
DEV0000324,POL000281,PO00057,SUP008,SKU0075,STR024,2025-04-11,2025-04-21,2025-04-19,90,49,Complete
DEV0000325,POL000281,PO00057,SUP008,SKU0075,STR024,2025-04-11,2025-04-21,2025-04-20,90,41,Complete
DEV0000326,POL000282,PO00057,SUP007,SKU0078,STR007,2025-04-11,2025-04-21,2025-04-19,133,133,Complete
DEV0000327,POL000283,PO00057,SUP001,SKU0081,STR014,2025-04-11,2025-04-21,2025-04-20,53,53,Complete
DEV0000328,POL000284,PO00057,SUP007,SKU0084,STR021,2025-04-11,2025-04-21,2025-04-20,83,83,Complete
DEV0000329,POL000285,PO00057,SUP006,SKU0087,STR004,2025-04-11,2025-04-21,2025-04-20,50,50,Complete
DEV0000330,POL000286,PO00058,SUP012,SKU0090,STR011,2025-04-11,2025-04-21,2025-04-20,97,51,Complete
DEV0000331,POL000286,PO00058,SUP012,SKU0090,STR011,2025-04-11,2025-04-21,2025-04-21,97,46,Complete
DEV0000332,POL000287,PO00058,SUP011,SKU0093,STR018,2025-04-11,2025-04-21,2025-04-20,28,28,Complete
DEV0000333,POL000288,PO00058,SUP005,SKU0096,STR001,2025-04-11,2025-04-21,2025-04-21,122,122,Complete
DEV0000334,POL000289,PO00058,SUP012,SKU0002,STR008,2025-04-18,2025-04-28,2025-04-26,90,90,Complete
DEV0000335,POL000290,PO00058,SUP006,SKU0005,STR015,2025-04-18,2025-04-28,2025-04-26,63,63,Complete
DEV0000336,POL000291,PO00059,SUP005,SKU0008,STR022,2025-04-18,2025-04-28,2025-04-28,130,130,Complete
DEV0000337,POL000292,PO00059,SUP011,SKU0011,STR005,2025-04-18,2025-04-28,2025-04-27,24,24,Complete
DEV0000338,POL000293,PO00059,SUP005,SKU0014,STR012,2025-04-18,2025-04-28,2025-04-27,61,61,Complete
DEV0000339,POL000294,PO00059,SUP004,SKU0017,STR019,2025-04-18,2025-04-28,2025-04-27,64,64,Complete
DEV0000340,POL000295,PO00059,SUP010,SKU0020,STR002,2025-04-18,2025-04-28,2025-04-28,125,125,Complete
DEV0000341,POL000296,PO00060,SUP009,SKU0023,STR009,2025-04-18,2025-04-28,2025-04-26,93,49,Complete
DEV0000342,POL000296,PO00060,SUP009,SKU0023,STR009,2025-04-18,2025-04-28,2025-04-27,93,44,Complete
DEV0000343,POL000297,PO00060,SUP003,SKU0026,STR016,2025-04-18,2025-04-28,2025-04-28,90,90,Complete
DEV0000344,POL000298,PO00060,SUP002,SKU0029,STR023,2025-04-18,2025-04-28,2025-04-27,99,99,Complete
DEV0000345,POL000299,PO00060,SUP008,SKU0032,STR006,2025-04-18,2025-04-28,2025-04-28,77,77,Complete
DEV0000346,POL000300,PO00060,SUP002,SKU0035,STR013,2025-04-18,2025-04-28,2025-04-28,36,32,Partially Received
DEV0000347,POL000301,PO00061,SUP001,SKU0038,STR020,2025-04-18,2025-04-28,2025-04-28,114,114,Complete
DEV0000348,POL000302,PO00061,SUP007,SKU0041,STR003,2025-04-18,2025-04-28,2025-04-28,137,137,Complete
DEV0000349,POL000303,PO00061,SUP006,SKU0044,STR010,2025-04-18,2025-04-28,2025-04-30,67,67,Complete
DEV0000350,POL000304,PO00061,SUP012,SKU0047,STR017,2025-04-18,2025-04-28,2025-04-28,71,71,Complete
DEV0000351,POL000305,PO00061,SUP011,SKU0050,STR024,2025-04-18,2025-04-28,2025-04-28,89,89,Complete
DEV0000352,POL000306,PO00062,SUP005,SKU0053,STR007,2025-04-18,2025-04-28,2025-04-28,83,64,Partially Received
DEV0000353,POL000307,PO00062,SUP011,SKU0056,STR014,2025-04-18,2025-04-28,2025-04-28,82,82,Complete
DEV0000354,POL000308,PO00062,SUP010,SKU0059,STR021,2025-04-18,2025-04-28,2025-04-26,94,94,Complete
DEV0000355,POL000309,PO00062,SUP004,SKU0062,STR004,2025-04-18,2025-04-28,2025-04-28,112,112,Complete
DEV0000356,POL000310,PO00062,SUP003,SKU0065,STR011,2025-04-18,2025-04-28,2025-04-27,49,49,Complete
DEV0000357,POL000311,PO00063,SUP009,SKU0068,STR018,2025-04-18,2025-04-28,2025-04-28,69,69,Complete
DEV0000358,POL000312,PO00063,SUP008,SKU0071,STR001,2025-04-18,2025-04-28,2025-04-26,138,138,Complete
DEV0000359,POL000313,PO00063,SUP002,SKU0074,STR008,2025-04-18,2025-04-28,2025-04-26,139,139,Complete
DEV0000360,POL000314,PO00063,SUP008,SKU0077,STR015,2025-04-18,2025-04-28,2025-04-28,122,108,Partially Received
DEV0000361,POL000315,PO00063,SUP007,SKU0080,STR022,2025-04-18,2025-04-28,2025-04-26,74,74,Complete
DEV0000362,POL000316,PO00064,SUP001,SKU0083,STR005,2025-04-18,2025-04-28,2025-04-26,40,40,Complete
DEV0000363,POL000317,PO00064,SUP012,SKU0086,STR012,2025-04-18,2025-04-28,2025-04-27,99,99,Complete
DEV0000364,POL000318,PO00064,SUP006,SKU0089,STR019,2025-04-18,2025-04-28,2025-04-26,104,96,Partially Received
DEV0000365,POL000319,PO00064,SUP005,SKU0092,STR002,2025-04-18,2025-04-28,2025-04-26,34,34,Complete
DEV0000366,POL000320,PO00064,SUP011,SKU0095,STR009,2025-04-18,2025-04-28,2025-04-28,82,82,Complete
DEV0000367,POL000321,PO00065,SUP006,SKU0001,STR016,2025-04-25,2025-05-05,2025-05-03,66,66,Complete
DEV0000368,POL000322,PO00065,SUP012,SKU0004,STR023,2025-04-25,2025-05-05,2025-05-04,104,55,Complete
DEV0000369,POL000322,PO00065,SUP012,SKU0004,STR023,2025-04-25,2025-05-05,2025-05-05,104,49,Complete
DEV0000370,POL000323,PO00065,SUP006,SKU0007,STR006,2025-04-25,2025-05-05,2025-05-10,50,50,Complete
DEV0000371,POL000324,PO00065,SUP005,SKU0010,STR013,2025-04-25,2025-05-05,2025-05-02,136,93,Complete
DEV0000372,POL000324,PO00065,SUP005,SKU0010,STR013,2025-04-25,2025-05-05,2025-05-03,136,43,Complete
DEV0000373,POL000325,PO00065,SUP011,SKU0013,STR020,2025-04-25,2025-05-05,2025-05-04,104,104,Complete
DEV0000374,POL000326,PO00066,SUP010,SKU0016,STR003,2025-04-25,2025-05-05,2025-05-04,117,117,Complete
DEV0000375,POL000327,PO00066,SUP004,SKU0019,STR010,2025-04-25,2025-05-05,2025-05-04,104,68,Complete
DEV0000376,POL000327,PO00066,SUP004,SKU0019,STR010,2025-04-25,2025-05-05,2025-05-05,104,36,Complete
DEV0000377,POL000328,PO00066,SUP003,SKU0022,STR017,2025-04-25,2025-05-05,2025-05-02,117,69,Complete
DEV0000378,POL000328,PO00066,SUP003,SKU0022,STR017,2025-04-25,2025-05-05,2025-05-03,117,48,Complete
DEV0000379,POL000329,PO00066,SUP009,SKU0025,STR024,2025-04-25,2025-05-05,2025-05-03,129,129,Complete
DEV0000380,POL000330,PO00066,SUP003,SKU0028,STR007,2025-04-25,2025-05-05,2025-05-03,96,96,Complete
DEV0000381,POL000331,PO00067,SUP002,SKU0031,STR014,2025-04-25,2025-05-05,2025-05-09,108,108,Complete
DEV0000382,POL000332,PO00067,SUP008,SKU0034,STR021,2025-04-25,2025-05-05,2025-05-03,79,79,Complete
DEV0000383,POL000333,PO00067,SUP007,SKU0037,STR004,2025-04-25,2025-05-05,2025-05-03,36,36,Complete
DEV0000384,POL000334,PO00067,SUP001,SKU0040,STR011,2025-04-25,2025-05-05,2025-05-03,107,107,Complete
DEV0000385,POL000335,PO00067,SUP012,SKU0043,STR018,2025-04-25,2025-05-05,2025-05-04,89,89,Complete
DEV0000386,POL000336,PO00068,SUP006,SKU0046,STR001,2025-04-25,2025-05-05,2025-05-05,35,35,Complete
DEV0000387,POL000337,PO00068,SUP012,SKU0049,STR008,2025-04-25,2025-05-05,2025-05-03,47,47,Complete
DEV0000388,POL000338,PO00068,SUP011,SKU0052,STR015,2025-04-25,2025-05-05,2025-05-03,28,28,Complete
DEV0000389,POL000339,PO00068,SUP005,SKU0055,STR022,2025-04-25,2025-05-05,2025-05-03,112,56,Complete
DEV0000390,POL000339,PO00068,SUP005,SKU0055,STR022,2025-04-25,2025-05-05,2025-05-04,112,56,Complete
DEV0000391,POL000340,PO00068,SUP004,SKU0058,STR005,2025-04-25,2025-05-05,2025-05-05,104,104,Complete
DEV0000392,POL000341,PO00069,SUP010,SKU0061,STR012,2025-04-25,2025-05-05,2025-05-03,78,78,Complete
DEV0000393,POL000342,PO00069,SUP009,SKU0064,STR019,2025-04-25,2025-05-05,2025-05-04,95,95,Complete
DEV0000394,POL000343,PO00069,SUP003,SKU0067,STR002,2025-04-25,2025-05-05,2025-05-05,29,29,Complete
DEV0000395,POL000344,PO00069,SUP009,SKU0070,STR009,2025-04-25,2025-05-05,2025-05-04,78,53,Complete
DEV0000396,POL000344,PO00069,SUP009,SKU0070,STR009,2025-04-25,2025-05-05,2025-05-05,78,25,Complete
DEV0000397,POL000345,PO00069,SUP008,SKU0073,STR016,2025-04-25,2025-05-05,2025-05-04,98,98,Complete
DEV0000398,POL000346,PO00070,SUP002,SKU0076,STR023,2025-04-25,2025-05-05,2025-05-03,72,72,Complete
DEV0000399,POL000347,PO00070,SUP001,SKU0079,STR006,2025-04-25,2025-05-05,2025-05-05,45,45,Complete
DEV0000400,POL000348,PO00070,SUP007,SKU0082,STR013,2025-04-25,2025-05-05,2025-05-03,105,105,Complete
DEV0000401,POL000349,PO00070,SUP006,SKU0085,STR020,2025-04-25,2025-05-05,2025-05-03,122,122,Complete
DEV0000402,POL000350,PO00070,SUP012,SKU0088,STR003,2025-04-25,2025-05-05,2025-05-05,73,73,Complete
DEV0000403,POL000351,PO00071,SUP006,SKU0091,STR010,2025-04-25,2025-05-05,2025-05-05,95,76,Partially Received
DEV0000404,POL000352,PO00071,SUP005,SKU0094,STR017,2025-04-25,2025-05-05,2025-05-04,89,89,Complete
DEV0000405,POL000353,PO00071,SUP006,SKU0003,STR024,2025-05-02,2025-05-12,2025-05-12,72,72,Complete
DEV0000406,POL000354,PO00071,SUP012,SKU0006,STR007,2025-05-02,2025-05-12,2025-05-11,63,63,Complete
DEV0000407,POL000355,PO00071,SUP011,SKU0009,STR014,2025-05-02,2025-05-12,2025-05-11,25,25,Complete
DEV0000408,POL000356,PO00072,SUP005,SKU0012,STR021,2025-05-02,2025-05-12,2025-05-10,83,83,Complete
DEV0000409,POL000357,PO00072,SUP004,SKU0015,STR004,2025-05-02,2025-05-12,2025-05-13,121,121,Complete
DEV0000410,POL000358,PO00072,SUP010,SKU0018,STR011,2025-05-02,2025-05-12,2025-05-11,59,59,Complete
DEV0000411,POL000359,PO00072,SUP004,SKU0021,STR018,2025-05-02,2025-05-12,2025-05-10,127,127,Complete
DEV0000412,POL000360,PO00072,SUP003,SKU0024,STR001,2025-05-02,2025-05-12,2025-05-11,68,68,Complete
DEV0000413,POL000361,PO00073,SUP009,SKU0027,STR008,2025-05-02,2025-05-12,2025-05-10,123,123,Complete
DEV0000414,POL000362,PO00073,SUP008,SKU0030,STR015,2025-05-02,2025-05-12,2025-05-10,71,71,Complete
DEV0000415,POL000363,PO00073,SUP002,SKU0033,STR022,2025-05-02,2025-05-12,2025-05-12,65,65,Complete
DEV0000416,POL000364,PO00073,SUP001,SKU0036,STR005,2025-05-02,2025-05-12,2025-05-11,64,36,Complete
DEV0000417,POL000364,PO00073,SUP001,SKU0036,STR005,2025-05-02,2025-05-12,2025-05-12,64,28,Complete
DEV0000418,POL000365,PO00073,SUP007,SKU0039,STR012,2025-05-02,2025-05-12,2025-05-10,117,117,Complete
DEV0000419,POL000366,PO00074,SUP001,SKU0042,STR019,2025-05-02,2025-05-12,2025-05-11,87,76,Partially Received
DEV0000420,POL000367,PO00074,SUP012,SKU0045,STR002,2025-05-02,2025-05-12,2025-05-12,130,130,Complete
DEV0000421,POL000368,PO00074,SUP006,SKU0048,STR009,2025-05-02,2025-05-12,2025-05-12,77,77,Complete
DEV0000422,POL000369,PO00074,SUP005,SKU0051,STR016,2025-05-02,2025-05-12,2025-05-10,85,85,Complete
DEV0000423,POL000370,PO00074,SUP011,SKU0054,STR023,2025-05-02,2025-05-12,2025-05-17,32,32,Complete
DEV0000424,POL000371,PO00075,SUP010,SKU0057,STR006,2025-05-02,2025-05-12,2025-05-14,100,100,Complete
DEV0000425,POL000372,PO00075,SUP004,SKU0060,STR013,2025-05-02,2025-05-12,2025-05-11,27,27,Complete
DEV0000426,POL000373,PO00075,SUP010,SKU0063,STR020,2025-05-02,2025-05-12,2025-05-10,69,69,Complete
DEV0000427,POL000374,PO00075,SUP009,SKU0066,STR003,2025-05-02,2025-05-12,2025-05-11,115,115,Complete
DEV0000428,POL000375,PO00075,SUP003,SKU0069,STR010,2025-05-02,2025-05-12,2025-05-12,108,108,Complete
DEV0000429,POL000376,PO00076,SUP002,SKU0072,STR017,2025-05-02,2025-05-12,2025-05-11,113,113,Complete
DEV0000430,POL000377,PO00076,SUP008,SKU0075,STR024,2025-05-02,2025-05-12,2025-05-10,107,107,Complete
DEV0000431,POL000378,PO00076,SUP007,SKU0078,STR007,2025-05-02,2025-05-12,2025-05-12,29,29,Complete
DEV0000432,POL000379,PO00076,SUP001,SKU0081,STR014,2025-05-02,2025-05-12,2025-05-12,104,104,Complete
DEV0000433,POL000380,PO00076,SUP007,SKU0084,STR021,2025-05-02,2025-05-12,2025-05-10,37,37,Complete
DEV0000434,POL000381,PO00077,SUP006,SKU0087,STR004,2025-05-02,2025-05-12,2025-05-11,107,107,Complete
DEV0000435,POL000382,PO00077,SUP012,SKU0090,STR011,2025-05-02,2025-05-12,2025-05-11,112,78,Partially Received
DEV0000436,POL000383,PO00077,SUP011,SKU0093,STR018,2025-05-02,2025-05-12,2025-05-12,98,98,Complete
DEV0000437,POL000384,PO00077,SUP005,SKU0096,STR001,2025-05-02,2025-05-12,2025-05-10,105,105,Complete
DEV0000438,POL000385,PO00077,SUP012,SKU0002,STR008,2025-05-09,2025-05-19,2025-05-19,30,30,Complete
DEV0000439,POL000386,PO00078,SUP006,SKU0005,STR015,2025-05-09,2025-05-19,2025-05-18,137,137,Complete
DEV0000440,POL000387,PO00078,SUP005,SKU0008,STR022,2025-05-09,2025-05-19,2025-05-19,139,139,Complete
DEV0000441,POL000388,PO00078,SUP011,SKU0011,STR005,2025-05-09,2025-05-19,2025-05-17,76,43,Complete
DEV0000442,POL000388,PO00078,SUP011,SKU0011,STR005,2025-05-09,2025-05-19,2025-05-18,76,33,Complete
DEV0000443,POL000389,PO00078,SUP005,SKU0014,STR012,2025-05-09,2025-05-19,2025-05-17,109,71,Complete
DEV0000444,POL000389,PO00078,SUP005,SKU0014,STR012,2025-05-09,2025-05-19,2025-05-18,109,38,Complete
DEV0000445,POL000390,PO00078,SUP004,SKU0017,STR019,2025-05-09,2025-05-19,2025-05-17,63,51,Partially Received
DEV0000446,POL000391,PO00079,SUP010,SKU0020,STR002,2025-05-09,2025-05-19,2025-05-17,30,30,Complete
DEV0000447,POL000392,PO00079,SUP009,SKU0023,STR009,2025-05-09,2025-05-19,2025-05-19,80,80,Complete
DEV0000448,POL000393,PO00079,SUP003,SKU0026,STR016,2025-05-09,2025-05-19,2025-05-18,82,82,Complete
DEV0000449,POL000394,PO00079,SUP002,SKU0029,STR023,2025-05-09,2025-05-19,2025-05-17,94,94,Complete
DEV0000450,POL000395,PO00079,SUP008,SKU0032,STR006,2025-05-09,2025-05-19,2025-05-17,58,50,Partially Received
DEV0000451,POL000396,PO00080,SUP002,SKU0035,STR013,2025-05-09,2025-05-19,2025-05-17,77,77,Complete
DEV0000452,POL000397,PO00080,SUP001,SKU0038,STR020,2025-05-09,2025-05-19,2025-05-17,65,37,Complete
DEV0000453,POL000397,PO00080,SUP001,SKU0038,STR020,2025-05-09,2025-05-19,2025-05-18,65,28,Complete
DEV0000454,POL000398,PO00080,SUP007,SKU0041,STR003,2025-05-09,2025-05-19,2025-05-18,66,66,Complete
DEV0000455,POL000399,PO00080,SUP006,SKU0044,STR010,2025-05-09,2025-05-19,2025-05-16,101,60,Complete
DEV0000456,POL000399,PO00080,SUP006,SKU0044,STR010,2025-05-09,2025-05-19,2025-05-17,101,41,Complete
DEV0000457,POL000400,PO00080,SUP012,SKU0047,STR017,2025-05-09,2025-05-19,2025-05-19,130,130,Complete
DEV0000458,POL000401,PO00081,SUP011,SKU0050,STR024,2025-05-09,2025-05-19,2025-05-17,78,39,Complete
DEV0000459,POL000401,PO00081,SUP011,SKU0050,STR024,2025-05-09,2025-05-19,2025-05-18,78,39,Complete
DEV0000460,POL000402,PO00081,SUP005,SKU0053,STR007,2025-05-09,2025-05-19,2025-05-17,51,51,Complete
DEV0000461,POL000403,PO00081,SUP011,SKU0056,STR014,2025-05-09,2025-05-19,2025-05-17,93,74,Partially Received
DEV0000462,POL000404,PO00081,SUP010,SKU0059,STR021,2025-05-09,2025-05-19,2025-05-19,26,26,Complete
DEV0000463,POL000405,PO00081,SUP004,SKU0062,STR004,2025-05-09,2025-05-19,2025-05-20,29,29,Complete
DEV0000464,POL000406,PO00082,SUP003,SKU0065,STR011,2025-05-09,2025-05-19,2025-05-18,80,51,Complete
DEV0000465,POL000406,PO00082,SUP003,SKU0065,STR011,2025-05-09,2025-05-19,2025-05-19,80,29,Complete
DEV0000466,POL000407,PO00082,SUP009,SKU0068,STR018,2025-05-09,2025-05-19,2025-05-17,54,54,Complete
DEV0000467,POL000408,PO00082,SUP008,SKU0071,STR001,2025-05-09,2025-05-19,2025-05-17,84,84,Complete
DEV0000468,POL000409,PO00082,SUP002,SKU0074,STR008,2025-05-09,2025-05-19,2025-05-19,107,107,Complete
DEV0000469,POL000410,PO00082,SUP008,SKU0077,STR015,2025-05-09,2025-05-19,2025-05-18,48,48,Complete
DEV0000470,POL000411,PO00083,SUP007,SKU0080,STR022,2025-05-09,2025-05-19,2025-05-17,40,40,Complete
DEV0000471,POL000412,PO00083,SUP001,SKU0083,STR005,2025-05-09,2025-05-19,2025-05-18,57,40,Complete
DEV0000472,POL000412,PO00083,SUP001,SKU0083,STR005,2025-05-09,2025-05-19,2025-05-19,57,17,Complete
DEV0000473,POL000413,PO00083,SUP012,SKU0086,STR012,2025-05-09,2025-05-19,2025-05-19,65,65,Complete
DEV0000474,POL000414,PO00083,SUP006,SKU0089,STR019,2025-05-09,2025-05-19,2025-05-19,79,79,Complete
DEV0000475,POL000415,PO00083,SUP005,SKU0092,STR002,2025-05-09,2025-05-19,2025-05-17,131,131,Complete
DEV0000476,POL000416,PO00084,SUP011,SKU0095,STR009,2025-05-09,2025-05-19,2025-05-17,42,42,Complete
DEV0000477,POL000417,PO00084,SUP006,SKU0001,STR016,2025-05-16,2025-05-26,2025-05-26,123,123,Complete
DEV0000478,POL000418,PO00084,SUP012,SKU0004,STR023,2025-05-16,2025-05-26,2025-05-24,57,57,Complete
DEV0000479,POL000419,PO00084,SUP006,SKU0007,STR006,2025-05-16,2025-05-26,2025-05-25,52,52,Complete
DEV0000480,POL000420,PO00084,SUP005,SKU0010,STR013,2025-05-16,2025-05-26,2025-05-25,83,39,Partially Received
DEV0000481,POL000420,PO00084,SUP005,SKU0010,STR013,2025-05-16,2025-05-26,2025-05-26,83,26,Partially Received
DEV0000482,POL000421,PO00085,SUP011,SKU0013,STR020,2025-05-16,2025-05-26,2025-05-25,69,69,Complete
DEV0000483,POL000422,PO00085,SUP010,SKU0016,STR003,2025-05-16,2025-05-26,2025-05-28,132,61,Partially Received
DEV0000484,POL000422,PO00085,SUP010,SKU0016,STR003,2025-05-16,2025-05-26,2025-05-29,132,33,Partially Received
DEV0000485,POL000423,PO00085,SUP004,SKU0019,STR010,2025-05-16,2025-05-26,2025-05-25,136,136,Complete
DEV0000486,POL000424,PO00085,SUP003,SKU0022,STR017,2025-05-16,2025-05-26,2025-05-25,27,27,Complete
DEV0000487,POL000425,PO00085,SUP009,SKU0025,STR024,2025-05-16,2025-05-26,2025-05-24,123,123,Complete
DEV0000488,POL000426,PO00086,SUP003,SKU0028,STR007,2025-05-16,2025-05-26,2025-05-26,33,33,Complete
DEV0000489,POL000427,PO00086,SUP002,SKU0031,STR014,2025-05-16,2025-05-26,2025-05-25,48,48,Complete
DEV0000490,POL000428,PO00086,SUP008,SKU0034,STR021,2025-05-16,2025-05-26,2025-05-26,73,73,Complete
DEV0000491,POL000429,PO00086,SUP007,SKU0037,STR004,2025-05-16,2025-05-26,2025-05-31,96,96,Complete
DEV0000492,POL000430,PO00086,SUP001,SKU0040,STR011,2025-05-16,2025-05-26,2025-05-30,132,132,Complete
DEV0000493,POL000431,PO00087,SUP012,SKU0043,STR018,2025-05-16,2025-05-26,2025-05-24,122,122,Complete
DEV0000494,POL000432,PO00087,SUP006,SKU0046,STR001,2025-05-16,2025-05-26,2025-05-24,89,89,Complete
DEV0000495,POL000433,PO00087,SUP012,SKU0049,STR008,2025-05-16,2025-05-26,2025-05-24,128,128,Complete
DEV0000496,POL000434,PO00087,SUP011,SKU0052,STR015,2025-05-16,2025-05-26,2025-05-23,90,51,Partially Received
DEV0000497,POL000434,PO00087,SUP011,SKU0052,STR015,2025-05-16,2025-05-26,2025-05-24,90,22,Partially Received
DEV0000498,POL000435,PO00087,SUP005,SKU0055,STR022,2025-05-16,2025-05-26,2025-05-24,76,49,Complete
DEV0000499,POL000435,PO00087,SUP005,SKU0055,STR022,2025-05-16,2025-05-26,2025-05-25,76,27,Complete
DEV0000500,POL000436,PO00088,SUP004,SKU0058,STR005,2025-05-16,2025-05-26,2025-05-24,61,61,Complete
DEV0000501,POL000437,PO00088,SUP010,SKU0061,STR012,2025-05-16,2025-05-26,2025-05-25,93,55,Complete
DEV0000502,POL000437,PO00088,SUP010,SKU0061,STR012,2025-05-16,2025-05-26,2025-05-26,93,38,Complete
DEV0000503,POL000438,PO00088,SUP009,SKU0064,STR019,2025-05-16,2025-05-26,2025-05-27,122,85,Complete
DEV0000504,POL000438,PO00088,SUP009,SKU0064,STR019,2025-05-16,2025-05-26,2025-05-28,122,37,Complete
DEV0000505,POL000439,PO00088,SUP003,SKU0067,STR002,2025-05-16,2025-05-26,2025-05-26,58,58,Complete
DEV0000506,POL000440,PO00088,SUP009,SKU0070,STR009,2025-05-16,2025-05-26,2025-05-24,67,62,Partially Received
DEV0000507,POL000441,PO00089,SUP008,SKU0073,STR016,2025-05-16,2025-05-26,2025-05-25,38,38,Complete
DEV0000508,POL000442,PO00089,SUP002,SKU0076,STR023,2025-05-16,2025-05-26,2025-05-26,93,93,Complete
DEV0000509,POL000443,PO00089,SUP001,SKU0079,STR006,2025-05-16,2025-05-26,2025-05-24,26,26,Complete
DEV0000510,POL000444,PO00089,SUP007,SKU0082,STR013,2025-05-16,2025-05-26,2025-05-24,69,40,Complete
DEV0000511,POL000444,PO00089,SUP007,SKU0082,STR013,2025-05-16,2025-05-26,2025-05-25,69,29,Complete
DEV0000512,POL000445,PO00089,SUP006,SKU0085,STR020,2025-05-16,2025-05-26,2025-05-26,113,113,Complete
DEV0000513,POL000446,PO00090,SUP012,SKU0088,STR003,2025-05-16,2025-05-26,2025-05-24,82,82,Complete
DEV0000514,POL000447,PO00090,SUP006,SKU0091,STR010,2025-05-16,2025-05-26,2025-05-30,44,44,Complete
DEV0000515,POL000448,PO00090,SUP005,SKU0094,STR017,2025-05-16,2025-05-26,2025-05-24,95,95,Complete
DEV0000516,POL000449,PO00090,SUP006,SKU0003,STR024,2025-05-23,2025-06-02,2025-06-01,63,63,Complete
DEV0000517,POL000450,PO00090,SUP012,SKU0006,STR007,2025-05-23,2025-06-02,2025-05-31,54,54,Complete
DEV0000518,POL000451,PO00091,SUP011,SKU0009,STR014,2025-05-23,2025-06-02,2025-06-02,134,134,Complete
DEV0000519,POL000452,PO00091,SUP005,SKU0012,STR021,2025-05-23,2025-06-02,2025-06-01,138,138,Complete
DEV0000520,POL000453,PO00091,SUP004,SKU0015,STR004,2025-05-23,2025-06-02,2025-06-01,112,112,Complete
DEV0000521,POL000454,PO00091,SUP010,SKU0018,STR011,2025-05-23,2025-06-02,2025-06-01,31,31,Complete
DEV0000522,POL000455,PO00091,SUP004,SKU0021,STR018,2025-05-23,2025-06-02,2025-06-02,100,100,Complete
DEV0000523,POL000456,PO00092,SUP003,SKU0024,STR001,2025-05-23,2025-06-02,2025-05-31,93,53,Complete
DEV0000524,POL000456,PO00092,SUP003,SKU0024,STR001,2025-05-23,2025-06-02,2025-06-01,93,40,Complete
DEV0000525,POL000457,PO00092,SUP009,SKU0027,STR008,2025-05-23,2025-06-02,2025-05-31,111,111,Complete
DEV0000526,POL000458,PO00092,SUP008,SKU0030,STR015,2025-05-23,2025-06-02,2025-06-01,28,28,Complete
DEV0000527,POL000459,PO00092,SUP002,SKU0033,STR022,2025-05-23,2025-06-02,2025-05-31,110,77,Complete
DEV0000528,POL000459,PO00092,SUP002,SKU0033,STR022,2025-05-23,2025-06-02,2025-06-01,110,33,Complete
DEV0000529,POL000460,PO00092,SUP001,SKU0036,STR005,2025-05-23,2025-06-02,2025-05-31,114,71,Complete
DEV0000530,POL000460,PO00092,SUP001,SKU0036,STR005,2025-05-23,2025-06-02,2025-06-01,114,43,Complete
DEV0000531,POL000461,PO00093,SUP007,SKU0039,STR012,2025-05-23,2025-06-02,2025-06-01,33,33,Complete
DEV0000532,POL000462,PO00093,SUP001,SKU0042,STR019,2025-05-23,2025-06-02,2025-05-31,77,77,Complete
DEV0000533,POL000463,PO00093,SUP012,SKU0045,STR002,2025-05-23,2025-06-02,2025-06-03,60,36,Complete
DEV0000534,POL000463,PO00093,SUP012,SKU0045,STR002,2025-05-23,2025-06-02,2025-06-04,60,24,Complete
DEV0000535,POL000464,PO00093,SUP006,SKU0048,STR009,2025-05-23,2025-06-02,2025-06-01,133,133,Complete
DEV0000536,POL000465,PO00093,SUP005,SKU0051,STR016,2025-05-23,2025-06-02,2025-05-31,59,59,Complete
DEV0000537,POL000466,PO00094,SUP011,SKU0054,STR023,2025-05-23,2025-06-02,2025-05-31,43,43,Complete
DEV0000538,POL000467,PO00094,SUP010,SKU0057,STR006,2025-05-23,2025-06-02,2025-05-31,34,34,Complete
DEV0000539,POL000468,PO00094,SUP004,SKU0060,STR013,2025-05-23,2025-06-02,2025-05-31,85,61,Complete
DEV0000540,POL000468,PO00094,SUP004,SKU0060,STR013,2025-05-23,2025-06-02,2025-06-01,85,24,Complete
DEV0000541,POL000469,PO00094,SUP010,SKU0063,STR020,2025-05-23,2025-06-02,2025-05-31,103,103,Complete
DEV0000542,POL000470,PO00094,SUP009,SKU0066,STR003,2025-05-23,2025-06-02,2025-06-01,73,45,Complete
DEV0000543,POL000470,PO00094,SUP009,SKU0066,STR003,2025-05-23,2025-06-02,2025-06-02,73,28,Complete
DEV0000544,POL000471,PO00095,SUP003,SKU0069,STR010,2025-05-23,2025-06-02,2025-06-02,36,36,Complete
DEV0000545,POL000472,PO00095,SUP002,SKU0072,STR017,2025-05-23,2025-06-02,2025-06-07,89,89,Complete
DEV0000546,POL000473,PO00095,SUP008,SKU0075,STR024,2025-05-23,2025-06-02,2025-06-01,43,43,Complete
DEV0000547,POL000474,PO00095,SUP007,SKU0078,STR007,2025-05-23,2025-06-02,2025-05-31,54,54,Complete
DEV0000548,POL000475,PO00095,SUP001,SKU0081,STR014,2025-05-23,2025-06-02,2025-06-02,80,80,Complete
DEV0000549,POL000476,PO00096,SUP007,SKU0084,STR021,2025-05-23,2025-06-02,2025-05-31,99,99,Complete
DEV0000550,POL000477,PO00096,SUP006,SKU0087,STR004,2025-05-23,2025-06-02,2025-06-01,32,32,Complete
DEV0000551,POL000478,PO00096,SUP012,SKU0090,STR011,2025-05-23,2025-06-02,2025-06-02,32,23,Partially Received
DEV0000552,POL000479,PO00096,SUP011,SKU0093,STR018,2025-05-23,2025-06-02,2025-05-30,110,56,Complete
DEV0000553,POL000479,PO00096,SUP011,SKU0093,STR018,2025-05-23,2025-06-02,2025-05-31,110,54,Complete
DEV0000554,POL000480,PO00096,SUP005,SKU0096,STR001,2025-05-23,2025-06-02,2025-06-02,72,72,Complete
DEV0000555,POL000481,PO00097,SUP012,SKU0002,STR008,2025-05-30,2025-06-09,2025-06-08,116,116,Complete
DEV0000556,POL000482,PO00097,SUP006,SKU0005,STR015,2025-05-30,2025-06-09,2025-06-07,138,138,Complete
DEV0000557,POL000483,PO00097,SUP005,SKU0008,STR022,2025-05-30,2025-06-09,2025-06-07,132,132,Complete
DEV0000558,POL000484,PO00097,SUP011,SKU0011,STR005,2025-05-30,2025-06-09,2025-06-08,74,64,Partially Received
DEV0000559,POL000485,PO00097,SUP005,SKU0014,STR012,2025-05-30,2025-06-09,2025-06-08,113,113,Complete
DEV0000560,POL000486,PO00098,SUP004,SKU0017,STR019,2025-05-30,2025-06-09,2025-06-09,55,55,Complete
DEV0000561,POL000487,PO00098,SUP010,SKU0020,STR002,2025-05-30,2025-06-09,2025-06-07,132,111,Partially Received
DEV0000562,POL000488,PO00098,SUP009,SKU0023,STR009,2025-05-30,2025-06-09,2025-06-07,38,38,Complete
DEV0000563,POL000489,PO00098,SUP003,SKU0026,STR016,2025-05-30,2025-06-09,2025-06-09,46,46,Complete
DEV0000564,POL000490,PO00098,SUP002,SKU0029,STR023,2025-05-30,2025-06-09,2025-06-08,86,86,Complete
DEV0000565,POL000491,PO00099,SUP008,SKU0032,STR006,2025-05-30,2025-06-09,2025-06-09,130,130,Complete
DEV0000566,POL000492,PO00099,SUP002,SKU0035,STR013,2025-05-30,2025-06-09,2025-06-13,72,72,Complete
DEV0000567,POL000493,PO00099,SUP001,SKU0038,STR020,2025-05-30,2025-06-09,2025-06-07,111,111,Complete
DEV0000568,POL000494,PO00099,SUP007,SKU0041,STR003,2025-05-30,2025-06-09,2025-06-07,105,105,Complete
DEV0000569,POL000495,PO00099,SUP006,SKU0044,STR010,2025-05-30,2025-06-09,2025-06-09,111,111,Complete
DEV0000570,POL000496,PO00100,SUP012,SKU0047,STR017,2025-05-30,2025-06-09,2025-06-13,69,69,Complete
DEV0000571,POL000497,PO00100,SUP011,SKU0050,STR024,2025-05-30,2025-06-09,2025-06-08,69,46,Complete
DEV0000572,POL000497,PO00100,SUP011,SKU0050,STR024,2025-05-30,2025-06-09,2025-06-09,69,23,Complete
DEV0000573,POL000498,PO00100,SUP005,SKU0053,STR007,2025-05-30,2025-06-09,2025-06-07,126,126,Complete
DEV0000574,POL000499,PO00100,SUP011,SKU0056,STR014,2025-05-30,2025-06-09,2025-06-07,50,50,Complete
DEV0000575,POL000500,PO00100,SUP010,SKU0059,STR021,2025-05-30,2025-06-09,2025-06-08,32,32,Complete
DEV0000576,POL000501,PO00101,SUP004,SKU0062,STR004,2025-05-30,2025-06-09,2025-06-14,85,85,Complete
DEV0000577,POL000502,PO00101,SUP003,SKU0065,STR011,2025-05-30,2025-06-09,2025-06-07,129,129,Complete
DEV0000578,POL000503,PO00101,SUP009,SKU0068,STR018,2025-05-30,2025-06-09,2025-06-09,96,96,Complete
DEV0000579,POL000504,PO00101,SUP008,SKU0071,STR001,2025-05-30,2025-06-09,2025-06-07,42,32,Partially Received
DEV0000580,POL000505,PO00101,SUP002,SKU0074,STR008,2025-05-30,2025-06-09,2025-06-11,64,64,Complete
DEV0000581,POL000506,PO00102,SUP008,SKU0077,STR015,2025-05-30,2025-06-09,2025-06-09,94,94,Complete
DEV0000582,POL000507,PO00102,SUP007,SKU0080,STR022,2025-05-30,2025-06-09,2025-06-06,85,53,Complete
DEV0000583,POL000507,PO00102,SUP007,SKU0080,STR022,2025-05-30,2025-06-09,2025-06-07,85,32,Complete
DEV0000584,POL000508,PO00102,SUP001,SKU0083,STR005,2025-05-30,2025-06-09,2025-06-08,48,48,Complete
DEV0000585,POL000509,PO00102,SUP012,SKU0086,STR012,2025-05-30,2025-06-09,2025-06-08,95,95,Complete
DEV0000586,POL000510,PO00102,SUP006,SKU0089,STR019,2025-05-30,2025-06-09,2025-06-09,34,34,Complete
DEV0000587,POL000511,PO00103,SUP005,SKU0092,STR002,2025-05-30,2025-06-09,2025-06-09,138,138,Complete
DEV0000588,POL000512,PO00103,SUP011,SKU0095,STR009,2025-05-30,2025-06-09,2025-06-09,108,108,Complete
DEV0000589,POL000513,PO00103,SUP006,SKU0001,STR016,2025-06-06,2025-06-16,2025-06-16,134,134,Complete
DEV0000590,POL000514,PO00103,SUP012,SKU0004,STR023,2025-06-06,2025-06-16,2025-06-14,61,29,Complete
DEV0000591,POL000514,PO00103,SUP012,SKU0004,STR023,2025-06-06,2025-06-16,2025-06-15,61,32,Complete
DEV0000592,POL000515,PO00103,SUP006,SKU0007,STR006,2025-06-06,2025-06-16,2025-06-21,27,22,Partially Received
DEV0000593,POL000516,PO00104,SUP005,SKU0010,STR013,2025-06-06,2025-06-16,2025-06-16,113,113,Complete
DEV0000594,POL000517,PO00104,SUP011,SKU0013,STR020,2025-06-06,2025-06-16,2025-06-16,55,55,Complete
DEV0000595,POL000518,PO00104,SUP010,SKU0016,STR003,2025-06-06,2025-06-16,2025-06-15,62,39,Complete
DEV0000596,POL000518,PO00104,SUP010,SKU0016,STR003,2025-06-06,2025-06-16,2025-06-16,62,23,Complete
DEV0000597,POL000519,PO00104,SUP004,SKU0019,STR010,2025-06-06,2025-06-16,2025-06-16,54,54,Complete
DEV0000598,POL000520,PO00104,SUP003,SKU0022,STR017,2025-06-06,2025-06-16,2025-06-14,138,138,Complete
DEV0000599,POL000521,PO00105,SUP009,SKU0025,STR024,2025-06-06,2025-06-16,2025-06-15,93,53,Partially Received
DEV0000600,POL000521,PO00105,SUP009,SKU0025,STR024,2025-06-06,2025-06-16,2025-06-16,93,25,Partially Received
DEV0000601,POL000522,PO00105,SUP003,SKU0028,STR007,2025-06-06,2025-06-16,2025-06-16,138,138,Complete
DEV0000602,POL000523,PO00105,SUP002,SKU0031,STR014,2025-06-06,2025-06-16,2025-06-16,43,43,Complete
DEV0000603,POL000524,PO00105,SUP008,SKU0034,STR021,2025-06-06,2025-06-16,2025-06-15,72,72,Complete
DEV0000604,POL000525,PO00105,SUP007,SKU0037,STR004,2025-06-06,2025-06-16,2025-06-15,132,68,Complete
DEV0000605,POL000525,PO00105,SUP007,SKU0037,STR004,2025-06-06,2025-06-16,2025-06-16,132,64,Complete
DEV0000606,POL000526,PO00106,SUP001,SKU0040,STR011,2025-06-06,2025-06-16,2025-06-16,33,33,Complete
DEV0000607,POL000527,PO00106,SUP012,SKU0043,STR018,2025-06-06,2025-06-16,2025-06-20,126,126,Complete
DEV0000608,POL000528,PO00106,SUP006,SKU0046,STR001,2025-06-06,2025-06-16,2025-06-15,116,83,Complete
DEV0000609,POL000528,PO00106,SUP006,SKU0046,STR001,2025-06-06,2025-06-16,2025-06-16,116,33,Complete
DEV0000610,POL000529,PO00106,SUP012,SKU0049,STR008,2025-06-06,2025-06-16,2025-06-14,37,37,Complete
DEV0000611,POL000530,PO00106,SUP011,SKU0052,STR015,2025-06-06,2025-06-16,2025-06-14,135,135,Complete
DEV0000612,POL000531,PO00107,SUP005,SKU0055,STR022,2025-06-06,2025-06-16,2025-06-13,128,95,Complete
DEV0000613,POL000531,PO00107,SUP005,SKU0055,STR022,2025-06-06,2025-06-16,2025-06-14,128,33,Complete
DEV0000614,POL000532,PO00107,SUP004,SKU0058,STR005,2025-06-06,2025-06-16,2025-06-15,123,123,Complete
DEV0000615,POL000533,PO00107,SUP010,SKU0061,STR012,2025-06-06,2025-06-16,2025-06-14,106,106,Complete
DEV0000616,POL000534,PO00107,SUP009,SKU0064,STR019,2025-06-06,2025-06-16,2025-06-14,94,94,Complete
DEV0000617,POL000535,PO00107,SUP003,SKU0067,STR002,2025-06-06,2025-06-16,2025-06-16,116,116,Complete
DEV0000618,POL000536,PO00108,SUP009,SKU0070,STR009,2025-06-06,2025-06-16,2025-06-15,106,106,Complete
DEV0000619,POL000537,PO00108,SUP008,SKU0073,STR016,2025-06-06,2025-06-16,2025-06-14,68,68,Complete
DEV0000620,POL000538,PO00108,SUP002,SKU0076,STR023,2025-06-06,2025-06-16,2025-06-14,32,32,Complete
DEV0000621,POL000539,PO00108,SUP001,SKU0079,STR006,2025-06-06,2025-06-16,2025-06-16,134,134,Complete
DEV0000622,POL000540,PO00108,SUP007,SKU0082,STR013,2025-06-06,2025-06-16,2025-06-14,71,71,Complete
DEV0000623,POL000541,PO00109,SUP006,SKU0085,STR020,2025-06-06,2025-06-16,2025-06-16,80,80,Complete
DEV0000624,POL000542,PO00109,SUP012,SKU0088,STR003,2025-06-06,2025-06-16,2025-06-15,130,130,Complete
DEV0000625,POL000543,PO00109,SUP006,SKU0091,STR010,2025-06-06,2025-06-16,2025-06-15,43,43,Complete
DEV0000626,POL000544,PO00109,SUP005,SKU0094,STR017,2025-06-06,2025-06-16,2025-06-19,58,42,Partially Received
DEV0000627,POL000545,PO00109,SUP006,SKU0003,STR024,2025-06-13,2025-06-23,2025-06-22,124,124,Complete
DEV0000628,POL000546,PO00110,SUP012,SKU0006,STR007,2025-06-13,2025-06-23,2025-06-22,124,124,Complete
DEV0000629,POL000547,PO00110,SUP011,SKU0009,STR014,2025-06-13,2025-06-23,2025-06-22,53,25,Complete
DEV0000630,POL000547,PO00110,SUP011,SKU0009,STR014,2025-06-13,2025-06-23,2025-06-23,53,28,Complete
DEV0000631,POL000548,PO00110,SUP005,SKU0012,STR021,2025-06-13,2025-06-23,2025-06-22,121,121,Complete
DEV0000632,POL000549,PO00110,SUP004,SKU0015,STR004,2025-06-13,2025-06-23,2025-06-21,119,54,Complete
DEV0000633,POL000549,PO00110,SUP004,SKU0015,STR004,2025-06-13,2025-06-23,2025-06-22,119,65,Complete
DEV0000634,POL000550,PO00110,SUP010,SKU0018,STR011,2025-06-13,2025-06-23,2025-06-22,75,75,Complete
DEV0000635,POL000551,PO00111,SUP004,SKU0021,STR018,2025-06-13,2025-06-23,2025-06-20,110,78,Complete
DEV0000636,POL000551,PO00111,SUP004,SKU0021,STR018,2025-06-13,2025-06-23,2025-06-21,110,32,Complete
DEV0000637,POL000552,PO00111,SUP003,SKU0024,STR001,2025-06-13,2025-06-23,2025-06-22,121,121,Complete
DEV0000638,POL000553,PO00111,SUP009,SKU0027,STR008,2025-06-13,2025-06-23,2025-06-22,138,138,Complete
DEV0000639,POL000554,PO00111,SUP008,SKU0030,STR015,2025-06-13,2025-06-23,2025-06-21,106,106,Complete
DEV0000640,POL000555,PO00111,SUP002,SKU0033,STR022,2025-06-13,2025-06-23,2025-06-21,82,82,Complete
DEV0000641,POL000556,PO00112,SUP001,SKU0036,STR005,2025-06-13,2025-06-23,2025-06-23,108,95,Partially Received
DEV0000642,POL000557,PO00112,SUP007,SKU0039,STR012,2025-06-13,2025-06-23,2025-06-23,89,89,Complete
DEV0000643,POL000558,PO00112,SUP001,SKU0042,STR019,2025-06-13,2025-06-23,2025-06-21,135,135,Complete
DEV0000644,POL000559,PO00112,SUP012,SKU0045,STR002,2025-06-13,2025-06-23,2025-06-22,37,29,Partially Received
DEV0000645,POL000560,PO00112,SUP006,SKU0048,STR009,2025-06-13,2025-06-23,2025-06-20,133,88,Complete
DEV0000646,POL000560,PO00112,SUP006,SKU0048,STR009,2025-06-13,2025-06-23,2025-06-21,133,45,Complete
DEV0000647,POL000561,PO00113,SUP005,SKU0051,STR016,2025-06-13,2025-06-23,2025-06-25,126,126,Complete
DEV0000648,POL000562,PO00113,SUP011,SKU0054,STR023,2025-06-13,2025-06-23,2025-06-21,51,51,Complete
DEV0000649,POL000563,PO00113,SUP010,SKU0057,STR006,2025-06-13,2025-06-23,2025-06-20,114,75,Complete
DEV0000650,POL000563,PO00113,SUP010,SKU0057,STR006,2025-06-13,2025-06-23,2025-06-21,114,39,Complete
DEV0000651,POL000564,PO00113,SUP004,SKU0060,STR013,2025-06-13,2025-06-23,2025-06-21,35,28,Partially Received
DEV0000652,POL000565,PO00113,SUP010,SKU0063,STR020,2025-06-13,2025-06-23,2025-06-22,57,57,Complete
DEV0000653,POL000566,PO00114,SUP009,SKU0066,STR003,2025-06-13,2025-06-23,2025-06-21,58,58,Complete
DEV0000654,POL000567,PO00114,SUP003,SKU0069,STR010,2025-06-13,2025-06-23,2025-06-23,44,44,Complete
DEV0000655,POL000568,PO00114,SUP002,SKU0072,STR017,2025-06-13,2025-06-23,2025-06-22,101,101,Complete
DEV0000656,POL000569,PO00114,SUP008,SKU0075,STR024,2025-06-13,2025-06-23,2025-06-21,37,37,Complete
DEV0000657,POL000570,PO00114,SUP007,SKU0078,STR007,2025-06-13,2025-06-23,2025-06-21,121,121,Complete
DEV0000658,POL000571,PO00115,SUP001,SKU0081,STR014,2025-06-13,2025-06-23,2025-06-21,44,44,Complete
DEV0000659,POL000572,PO00115,SUP007,SKU0084,STR021,2025-06-13,2025-06-23,2025-06-21,89,89,Complete
DEV0000660,POL000573,PO00115,SUP006,SKU0087,STR004,2025-06-13,2025-06-23,2025-06-21,30,30,Complete
DEV0000661,POL000574,PO00115,SUP012,SKU0090,STR011,2025-06-13,2025-06-23,2025-06-22,113,113,Complete
DEV0000662,POL000575,PO00115,SUP011,SKU0093,STR018,2025-06-13,2025-06-23,2025-06-22,117,117,Complete
DEV0000663,POL000576,PO00116,SUP005,SKU0096,STR001,2025-06-13,2025-06-23,2025-06-21,60,60,Complete
DEV0000664,POL000577,PO00116,SUP012,SKU0002,STR008,2025-06-20,2025-06-30,2025-07-01,124,124,Complete
DEV0000665,POL000578,PO00116,SUP006,SKU0005,STR015,2025-06-20,2025-06-30,2025-07-03,36,36,Complete
DEV0000666,POL000579,PO00116,SUP005,SKU0008,STR022,2025-06-20,2025-06-30,2025-06-28,74,74,Complete
DEV0000667,POL000580,PO00116,SUP011,SKU0011,STR005,2025-06-20,2025-06-30,2025-06-30,139,139,Complete
DEV0000668,POL000581,PO00117,SUP005,SKU0014,STR012,2025-06-20,2025-06-30,2025-06-29,48,48,Complete
DEV0000669,POL000582,PO00117,SUP004,SKU0017,STR019,2025-06-20,2025-06-30,2025-06-29,52,52,Complete
DEV0000670,POL000583,PO00117,SUP010,SKU0020,STR002,2025-06-20,2025-06-30,2025-06-29,52,52,Complete
DEV0000671,POL000584,PO00117,SUP009,SKU0023,STR009,2025-06-20,2025-06-30,2025-06-30,84,84,Complete
DEV0000672,POL000585,PO00117,SUP003,SKU0026,STR016,2025-06-20,2025-06-30,2025-07-02,85,85,Complete
DEV0000673,POL000586,PO00118,SUP002,SKU0029,STR023,2025-06-20,2025-06-30,2025-06-29,126,126,Complete
DEV0000674,POL000587,PO00118,SUP008,SKU0032,STR006,2025-06-20,2025-06-30,2025-06-30,107,101,Partially Received
DEV0000675,POL000588,PO00118,SUP002,SKU0035,STR013,2025-06-20,2025-06-30,2025-06-29,46,46,Complete
DEV0000676,POL000589,PO00118,SUP001,SKU0038,STR020,2025-06-20,2025-06-30,2025-06-30,136,125,Partially Received
DEV0000677,POL000590,PO00118,SUP007,SKU0041,STR003,2025-06-20,2025-06-30,2025-06-30,62,42,Partially Received
DEV0000678,POL000591,PO00119,SUP006,SKU0044,STR010,2025-06-20,2025-06-30,2025-06-29,130,130,Complete
DEV0000679,POL000592,PO00119,SUP012,SKU0047,STR017,2025-06-20,2025-06-30,2025-06-28,134,134,Complete
DEV0000680,POL000593,PO00119,SUP011,SKU0050,STR024,2025-06-20,2025-06-30,2025-06-27,71,42,Complete
DEV0000681,POL000593,PO00119,SUP011,SKU0050,STR024,2025-06-20,2025-06-30,2025-06-28,71,29,Complete
DEV0000682,POL000594,PO00119,SUP005,SKU0053,STR007,2025-06-20,2025-06-30,2025-06-30,130,130,Complete
DEV0000683,POL000595,PO00119,SUP011,SKU0056,STR014,2025-06-20,2025-06-30,2025-06-28,90,90,Complete
DEV0000684,POL000596,PO00120,SUP010,SKU0059,STR021,2025-06-20,2025-06-30,2025-06-28,87,54,Complete
DEV0000685,POL000596,PO00120,SUP010,SKU0059,STR021,2025-06-20,2025-06-30,2025-06-29,87,33,Complete
DEV0000686,POL000597,PO00120,SUP004,SKU0062,STR004,2025-06-20,2025-06-30,2025-06-30,138,138,Complete
DEV0000687,POL000598,PO00120,SUP003,SKU0065,STR011,2025-06-20,2025-06-30,2025-06-28,68,68,Complete
DEV0000688,POL000599,PO00120,SUP009,SKU0068,STR018,2025-06-20,2025-06-30,2025-06-29,89,45,Complete
DEV0000689,POL000599,PO00120,SUP009,SKU0068,STR018,2025-06-20,2025-06-30,2025-06-30,89,44,Complete
DEV0000690,POL000600,PO00120,SUP008,SKU0071,STR001,2025-06-20,2025-06-30,2025-06-30,29,29,Complete
DEV0000691,POL000601,PO00121,SUP002,SKU0074,STR008,2025-06-20,2025-06-30,2025-06-29,111,111,Complete
DEV0000692,POL000602,PO00121,SUP008,SKU0077,STR015,2025-06-20,2025-06-30,2025-06-30,83,83,Complete
DEV0000693,POL000603,PO00121,SUP007,SKU0080,STR022,2025-06-20,2025-06-30,2025-06-30,115,91,Partially Received
DEV0000694,POL000604,PO00121,SUP001,SKU0083,STR005,2025-06-20,2025-06-30,2025-06-29,75,75,Complete
DEV0000695,POL000605,PO00121,SUP012,SKU0086,STR012,2025-06-20,2025-06-30,2025-06-30,72,72,Complete
DEV0000696,POL000606,PO00122,SUP006,SKU0089,STR019,2025-06-20,2025-06-30,2025-06-30,129,129,Complete
DEV0000697,POL000607,PO00122,SUP005,SKU0092,STR002,2025-06-20,2025-06-30,2025-06-27,125,80,Complete
DEV0000698,POL000607,PO00122,SUP005,SKU0092,STR002,2025-06-20,2025-06-30,2025-06-28,125,45,Complete
DEV0000699,POL000608,PO00122,SUP011,SKU0095,STR009,2025-06-20,2025-06-30,2025-06-29,123,123,Complete
DEV0000700,POL000609,PO00122,SUP006,SKU0001,STR016,2025-06-27,2025-07-07,2025-07-07,60,60,Complete
DEV0000701,POL000610,PO00122,SUP012,SKU0004,STR023,2025-06-27,2025-07-07,2025-07-06,105,105,Complete
DEV0000702,POL000611,PO00123,SUP006,SKU0007,STR006,2025-06-27,2025-07-07,2025-07-06,49,49,Complete
DEV0000703,POL000612,PO00123,SUP005,SKU0010,STR013,2025-06-27,2025-07-07,2025-07-06,37,28,Partially Received
DEV0000704,POL000613,PO00123,SUP011,SKU0013,STR020,2025-06-27,2025-07-07,2025-07-06,27,22,Partially Received
DEV0000705,POL000614,PO00123,SUP010,SKU0016,STR003,2025-06-27,2025-07-07,2025-07-07,87,87,Complete
DEV0000706,POL000615,PO00123,SUP004,SKU0019,STR010,2025-06-27,2025-07-07,2025-07-07,54,54,Complete
DEV0000707,POL000616,PO00124,SUP003,SKU0022,STR017,2025-06-27,2025-07-07,2025-07-07,116,116,Complete
DEV0000708,POL000617,PO00124,SUP009,SKU0025,STR024,2025-06-27,2025-07-07,2025-07-07,98,85,Partially Received
DEV0000709,POL000618,PO00124,SUP003,SKU0028,STR007,2025-06-27,2025-07-07,2025-07-06,41,41,Complete
DEV0000710,POL000619,PO00124,SUP002,SKU0031,STR014,2025-06-27,2025-07-07,2025-07-07,74,63,Partially Received
DEV0000711,POL000620,PO00124,SUP008,SKU0034,STR021,2025-06-27,2025-07-07,2025-07-08,29,29,Complete
DEV0000712,POL000621,PO00125,SUP007,SKU0037,STR004,2025-06-27,2025-07-07,2025-07-06,47,47,Complete
DEV0000713,POL000622,PO00125,SUP001,SKU0040,STR011,2025-06-27,2025-07-07,2025-07-07,106,106,Complete
DEV0000714,POL000623,PO00125,SUP012,SKU0043,STR018,2025-06-27,2025-07-07,2025-07-07,119,119,Complete
DEV0000715,POL000624,PO00125,SUP006,SKU0046,STR001,2025-06-27,2025-07-07,2025-07-05,54,54,Complete
DEV0000716,POL000625,PO00125,SUP012,SKU0049,STR008,2025-06-27,2025-07-07,2025-07-05,57,57,Complete
DEV0000717,POL000626,PO00126,SUP011,SKU0052,STR015,2025-06-27,2025-07-07,2025-07-06,44,44,Complete
DEV0000718,POL000627,PO00126,SUP005,SKU0055,STR022,2025-06-27,2025-07-07,2025-07-06,25,25,Complete
DEV0000719,POL000628,PO00126,SUP004,SKU0058,STR005,2025-06-27,2025-07-07,2025-07-06,33,33,Complete
DEV0000720,POL000629,PO00126,SUP010,SKU0061,STR012,2025-06-27,2025-07-07,2025-07-06,95,95,Complete
DEV0000721,POL000630,PO00126,SUP009,SKU0064,STR019,2025-06-27,2025-07-07,2025-07-05,139,78,Complete
DEV0000722,POL000630,PO00126,SUP009,SKU0064,STR019,2025-06-27,2025-07-07,2025-07-06,139,61,Complete
DEV0000723,POL000631,PO00127,SUP003,SKU0067,STR002,2025-06-27,2025-07-07,2025-07-05,139,139,Complete
DEV0000724,POL000632,PO00127,SUP009,SKU0070,STR009,2025-06-27,2025-07-07,2025-07-05,49,49,Complete
DEV0000725,POL000633,PO00127,SUP008,SKU0073,STR016,2025-06-27,2025-07-07,2025-07-04,83,60,Complete
DEV0000726,POL000633,PO00127,SUP008,SKU0073,STR016,2025-06-27,2025-07-07,2025-07-05,83,23,Complete
DEV0000727,POL000634,PO00127,SUP002,SKU0076,STR023,2025-06-27,2025-07-07,2025-07-05,45,45,Complete
DEV0000728,POL000635,PO00127,SUP001,SKU0079,STR006,2025-06-27,2025-07-07,2025-07-06,122,57,Complete
DEV0000729,POL000635,PO00127,SUP001,SKU0079,STR006,2025-06-27,2025-07-07,2025-07-07,122,65,Complete
DEV0000730,POL000636,PO00128,SUP007,SKU0082,STR013,2025-06-27,2025-07-07,2025-07-06,64,64,Complete
DEV0000731,POL000637,PO00128,SUP006,SKU0085,STR020,2025-06-27,2025-07-07,2025-07-07,110,110,Complete
DEV0000732,POL000638,PO00128,SUP012,SKU0088,STR003,2025-06-27,2025-07-07,2025-07-05,131,131,Complete
DEV0000733,POL000639,PO00128,SUP006,SKU0091,STR010,2025-06-27,2025-07-07,2025-07-07,66,66,Complete
DEV0000734,POL000640,PO00128,SUP005,SKU0094,STR017,2025-06-27,2025-07-07,2025-07-06,44,40,Partially Received
DEV0000735,POL000641,PO00129,SUP006,SKU0003,STR024,2025-07-04,2025-07-14,2025-07-13,57,57,Complete
DEV0000736,POL000642,PO00129,SUP012,SKU0006,STR007,2025-07-04,2025-07-14,2025-07-16,100,89,Partially Received
DEV0000737,POL000643,PO00129,SUP011,SKU0009,STR014,2025-07-04,2025-07-14,2025-07-13,45,45,Complete
DEV0000738,POL000644,PO00129,SUP005,SKU0012,STR021,2025-07-04,2025-07-14,2025-07-12,96,96,Complete
DEV0000739,POL000645,PO00129,SUP004,SKU0015,STR004,2025-07-04,2025-07-14,2025-07-13,29,29,Complete
DEV0000740,POL000646,PO00130,SUP010,SKU0018,STR011,2025-07-04,2025-07-14,2025-07-11,129,86,Complete
DEV0000741,POL000646,PO00130,SUP010,SKU0018,STR011,2025-07-04,2025-07-14,2025-07-12,129,43,Complete
DEV0000742,POL000647,PO00130,SUP004,SKU0021,STR018,2025-07-04,2025-07-14,2025-07-13,94,94,Complete
DEV0000743,POL000648,PO00130,SUP003,SKU0024,STR001,2025-07-04,2025-07-14,2025-07-13,118,118,Complete
DEV0000744,POL000649,PO00130,SUP009,SKU0027,STR008,2025-07-04,2025-07-14,2025-07-14,76,76,Complete
DEV0000745,POL000650,PO00130,SUP008,SKU0030,STR015,2025-07-04,2025-07-14,2025-07-14,109,109,Complete
DEV0000746,POL000651,PO00131,SUP002,SKU0033,STR022,2025-07-04,2025-07-14,2025-07-14,55,55,Complete
DEV0000747,POL000652,PO00131,SUP001,SKU0036,STR005,2025-07-04,2025-07-14,2025-07-15,60,60,Complete
DEV0000748,POL000653,PO00131,SUP007,SKU0039,STR012,2025-07-04,2025-07-14,2025-07-12,123,123,Complete
DEV0000749,POL000654,PO00131,SUP001,SKU0042,STR019,2025-07-04,2025-07-14,2025-07-12,115,115,Complete
DEV0000750,POL000655,PO00131,SUP012,SKU0045,STR002,2025-07-04,2025-07-14,2025-07-12,60,56,Partially Received
DEV0000751,POL000656,PO00132,SUP006,SKU0048,STR009,2025-07-04,2025-07-14,2025-07-12,67,67,Complete
DEV0000752,POL000657,PO00132,SUP005,SKU0051,STR016,2025-07-04,2025-07-14,2025-07-12,64,58,Partially Received
DEV0000753,POL000658,PO00132,SUP011,SKU0054,STR023,2025-07-04,2025-07-14,2025-07-12,75,54,Partially Received
DEV0000754,POL000659,PO00132,SUP010,SKU0057,STR006,2025-07-04,2025-07-14,2025-07-14,39,39,Complete
DEV0000755,POL000660,PO00132,SUP004,SKU0060,STR013,2025-07-04,2025-07-14,2025-07-13,137,137,Complete
DEV0000756,POL000661,PO00133,SUP010,SKU0063,STR020,2025-07-04,2025-07-14,2025-07-17,84,84,Complete
DEV0000757,POL000662,PO00133,SUP009,SKU0066,STR003,2025-07-04,2025-07-14,2025-07-14,94,94,Complete
DEV0000758,POL000663,PO00133,SUP003,SKU0069,STR010,2025-07-04,2025-07-14,2025-07-14,61,61,Complete
DEV0000759,POL000664,PO00133,SUP002,SKU0072,STR017,2025-07-04,2025-07-14,2025-07-13,105,105,Complete
DEV0000760,POL000665,PO00133,SUP008,SKU0075,STR024,2025-07-04,2025-07-14,2025-07-14,99,99,Complete
DEV0000761,POL000666,PO00134,SUP007,SKU0078,STR007,2025-07-04,2025-07-14,2025-07-13,99,99,Complete
DEV0000762,POL000667,PO00134,SUP001,SKU0081,STR014,2025-07-04,2025-07-14,2025-07-13,25,25,Complete
DEV0000763,POL000668,PO00134,SUP007,SKU0084,STR021,2025-07-04,2025-07-14,2025-07-18,115,115,Complete
DEV0000764,POL000669,PO00134,SUP006,SKU0087,STR004,2025-07-04,2025-07-14,2025-07-17,75,75,Complete
DEV0000765,POL000670,PO00134,SUP012,SKU0090,STR011,2025-07-04,2025-07-14,2025-07-12,87,87,Complete
DEV0000766,POL000671,PO00135,SUP011,SKU0093,STR018,2025-07-04,2025-07-14,2025-07-13,61,61,Complete
DEV0000767,POL000672,PO00135,SUP005,SKU0096,STR001,2025-07-04,2025-07-14,2025-07-16,137,137,Complete
DEV0000768,POL000673,PO00135,SUP012,SKU0002,STR008,2025-07-11,2025-07-21,2025-07-20,52,31,Complete
DEV0000769,POL000673,PO00135,SUP012,SKU0002,STR008,2025-07-11,2025-07-21,2025-07-21,52,21,Complete
DEV0000770,POL000674,PO00135,SUP006,SKU0005,STR015,2025-07-11,2025-07-21,2025-07-19,116,57,Complete
DEV0000771,POL000674,PO00135,SUP006,SKU0005,STR015,2025-07-11,2025-07-21,2025-07-20,116,59,Complete
DEV0000772,POL000675,PO00135,SUP005,SKU0008,STR022,2025-07-11,2025-07-21,2025-07-19,33,33,Complete
DEV0000773,POL000676,PO00136,SUP011,SKU0011,STR005,2025-07-11,2025-07-21,2025-07-21,33,33,Complete
DEV0000774,POL000677,PO00136,SUP005,SKU0014,STR012,2025-07-11,2025-07-21,2025-07-21,125,125,Complete
DEV0000775,POL000678,PO00136,SUP004,SKU0017,STR019,2025-07-11,2025-07-21,2025-07-20,62,62,Complete
DEV0000776,POL000679,PO00136,SUP010,SKU0020,STR002,2025-07-11,2025-07-21,2025-07-20,90,66,Partially Received
DEV0000777,POL000680,PO00136,SUP009,SKU0023,STR009,2025-07-11,2025-07-21,2025-07-20,95,95,Complete
DEV0000778,POL000681,PO00137,SUP003,SKU0026,STR016,2025-07-11,2025-07-21,2025-07-20,75,56,Partially Received
DEV0000779,POL000682,PO00137,SUP002,SKU0029,STR023,2025-07-11,2025-07-21,2025-07-21,128,128,Complete
DEV0000780,POL000683,PO00137,SUP008,SKU0032,STR006,2025-07-11,2025-07-21,2025-07-18,132,71,Complete
DEV0000781,POL000683,PO00137,SUP008,SKU0032,STR006,2025-07-11,2025-07-21,2025-07-19,132,61,Complete
DEV0000782,POL000684,PO00137,SUP002,SKU0035,STR013,2025-07-11,2025-07-21,2025-07-20,128,128,Complete
DEV0000783,POL000685,PO00137,SUP001,SKU0038,STR020,2025-07-11,2025-07-21,2025-07-21,57,57,Complete
DEV0000784,POL000686,PO00138,SUP007,SKU0041,STR003,2025-07-11,2025-07-21,2025-07-19,136,136,Complete
DEV0000785,POL000687,PO00138,SUP006,SKU0044,STR010,2025-07-11,2025-07-21,2025-07-20,50,34,Partially Received
DEV0000786,POL000688,PO00138,SUP012,SKU0047,STR017,2025-07-11,2025-07-21,2025-07-20,126,126,Complete
DEV0000787,POL000689,PO00138,SUP011,SKU0050,STR024,2025-07-11,2025-07-21,2025-07-21,93,93,Complete
DEV0000788,POL000690,PO00138,SUP005,SKU0053,STR007,2025-07-11,2025-07-21,2025-07-18,116,67,Complete
DEV0000789,POL000690,PO00138,SUP005,SKU0053,STR007,2025-07-11,2025-07-21,2025-07-19,116,49,Complete
DEV0000790,POL000691,PO00139,SUP011,SKU0056,STR014,2025-07-11,2025-07-21,2025-07-21,49,49,Complete
DEV0000791,POL000692,PO00139,SUP010,SKU0059,STR021,2025-07-11,2025-07-21,2025-07-21,68,68,Complete
DEV0000792,POL000693,PO00139,SUP004,SKU0062,STR004,2025-07-11,2025-07-21,2025-07-19,131,131,Complete
DEV0000793,POL000694,PO00139,SUP003,SKU0065,STR011,2025-07-11,2025-07-21,2025-07-20,114,114,Complete
DEV0000794,POL000695,PO00139,SUP009,SKU0068,STR018,2025-07-11,2025-07-21,2025-07-20,138,138,Complete
DEV0000795,POL000696,PO00140,SUP008,SKU0071,STR001,2025-07-11,2025-07-21,2025-07-21,53,53,Complete
DEV0000796,POL000697,PO00140,SUP002,SKU0074,STR008,2025-07-11,2025-07-21,2025-07-18,140,84,Complete
DEV0000797,POL000697,PO00140,SUP002,SKU0074,STR008,2025-07-11,2025-07-21,2025-07-19,140,56,Complete
DEV0000798,POL000698,PO00140,SUP008,SKU0077,STR015,2025-07-11,2025-07-21,2025-07-21,114,114,Complete
DEV0000799,POL000699,PO00140,SUP007,SKU0080,STR022,2025-07-11,2025-07-21,2025-07-20,131,92,Complete
DEV0000800,POL000699,PO00140,SUP007,SKU0080,STR022,2025-07-11,2025-07-21,2025-07-21,131,39,Complete
DEV0000801,POL000700,PO00140,SUP001,SKU0083,STR005,2025-07-11,2025-07-21,2025-07-19,75,75,Complete
DEV0000802,POL000701,PO00141,SUP012,SKU0086,STR012,2025-07-11,2025-07-21,2025-07-21,100,100,Complete
DEV0000803,POL000702,PO00141,SUP006,SKU0089,STR019,2025-07-11,2025-07-21,2025-07-21,26,26,Complete
DEV0000804,POL000703,PO00141,SUP005,SKU0092,STR002,2025-07-11,2025-07-21,2025-07-19,103,103,Complete
DEV0000805,POL000704,PO00141,SUP011,SKU0095,STR009,2025-07-11,2025-07-21,2025-07-23,91,91,Complete
DEV0000806,POL000705,PO00141,SUP006,SKU0001,STR016,2025-07-18,2025-07-28,2025-07-28,78,78,Complete
DEV0000807,POL000706,PO00142,SUP012,SKU0004,STR023,2025-07-18,2025-07-28,2025-07-26,55,55,Complete
DEV0000808,POL000707,PO00142,SUP006,SKU0007,STR006,2025-07-18,2025-07-28,2025-07-27,108,59,Complete
DEV0000809,POL000707,PO00142,SUP006,SKU0007,STR006,2025-07-18,2025-07-28,2025-07-28,108,49,Complete
DEV0000810,POL000708,PO00142,SUP005,SKU0010,STR013,2025-07-18,2025-07-28,2025-07-27,86,86,Complete
DEV0000811,POL000709,PO00142,SUP011,SKU0013,STR020,2025-07-18,2025-07-28,2025-07-27,25,25,Complete
DEV0000812,POL000710,PO00142,SUP010,SKU0016,STR003,2025-07-18,2025-07-28,2025-07-27,100,55,Complete
DEV0000813,POL000710,PO00142,SUP010,SKU0016,STR003,2025-07-18,2025-07-28,2025-07-28,100,45,Complete
DEV0000814,POL000711,PO00143,SUP004,SKU0019,STR010,2025-07-18,2025-07-28,2025-07-27,100,100,Complete
DEV0000815,POL000712,PO00143,SUP003,SKU0022,STR017,2025-07-18,2025-07-28,2025-07-28,44,44,Complete
DEV0000816,POL000713,PO00143,SUP009,SKU0025,STR024,2025-07-18,2025-07-28,2025-07-27,61,61,Complete
DEV0000817,POL000714,PO00143,SUP003,SKU0028,STR007,2025-07-18,2025-07-28,2025-07-27,100,100,Complete
DEV0000818,POL000715,PO00143,SUP002,SKU0031,STR014,2025-07-18,2025-07-28,2025-07-27,83,83,Complete
DEV0000819,POL000716,PO00144,SUP008,SKU0034,STR021,2025-07-18,2025-07-28,2025-07-26,35,35,Complete
DEV0000820,POL000717,PO00144,SUP007,SKU0037,STR004,2025-07-18,2025-07-28,2025-07-26,126,126,Complete
DEV0000821,POL000718,PO00144,SUP001,SKU0040,STR011,2025-07-18,2025-07-28,2025-07-28,129,129,Complete
DEV0000822,POL000719,PO00144,SUP012,SKU0043,STR018,2025-07-18,2025-07-28,2025-07-27,26,26,Complete
DEV0000823,POL000720,PO00144,SUP006,SKU0046,STR001,2025-07-18,2025-07-28,2025-07-30,29,29,Complete
DEV0000824,POL000721,PO00145,SUP012,SKU0049,STR008,2025-07-18,2025-07-28,2025-07-28,71,71,Complete
DEV0000825,POL000722,PO00145,SUP011,SKU0052,STR015,2025-07-18,2025-07-28,2025-07-25,82,39,Complete
DEV0000826,POL000722,PO00145,SUP011,SKU0052,STR015,2025-07-18,2025-07-28,2025-07-26,82,43,Complete
DEV0000827,POL000723,PO00145,SUP005,SKU0055,STR022,2025-07-18,2025-07-28,2025-07-25,86,64,Complete
DEV0000828,POL000723,PO00145,SUP005,SKU0055,STR022,2025-07-18,2025-07-28,2025-07-26,86,22,Complete
DEV0000829,POL000724,PO00145,SUP004,SKU0058,STR005,2025-07-18,2025-07-28,2025-07-30,99,99,Complete
DEV0000830,POL000725,PO00145,SUP010,SKU0061,STR012,2025-07-18,2025-07-28,2025-07-28,134,134,Complete
DEV0000831,POL000726,PO00146,SUP009,SKU0064,STR019,2025-07-18,2025-07-28,2025-07-31,48,48,Complete
DEV0000832,POL000727,PO00146,SUP003,SKU0067,STR002,2025-07-18,2025-07-28,2025-07-27,85,85,Complete
DEV0000833,POL000728,PO00146,SUP009,SKU0070,STR009,2025-07-18,2025-07-28,2025-07-27,92,92,Complete
DEV0000834,POL000729,PO00146,SUP008,SKU0073,STR016,2025-07-18,2025-07-28,2025-07-27,46,46,Complete
DEV0000835,POL000730,PO00146,SUP002,SKU0076,STR023,2025-07-18,2025-07-28,2025-07-27,48,48,Complete
DEV0000836,POL000731,PO00147,SUP001,SKU0079,STR006,2025-07-18,2025-07-28,2025-07-27,73,73,Complete
DEV0000837,POL000732,PO00147,SUP007,SKU0082,STR013,2025-07-18,2025-07-28,2025-07-27,50,50,Complete
DEV0000838,POL000733,PO00147,SUP006,SKU0085,STR020,2025-07-18,2025-07-28,2025-07-28,32,32,Complete
DEV0000839,POL000734,PO00147,SUP012,SKU0088,STR003,2025-07-18,2025-07-28,2025-07-26,69,69,Complete
DEV0000840,POL000735,PO00147,SUP006,SKU0091,STR010,2025-07-18,2025-07-28,2025-07-31,107,61,Complete
DEV0000841,POL000735,PO00147,SUP006,SKU0091,STR010,2025-07-18,2025-07-28,2025-08-01,107,46,Complete
DEV0000842,POL000736,PO00148,SUP005,SKU0094,STR017,2025-07-18,2025-07-28,2025-08-02,119,119,Complete
DEV0000843,POL000737,PO00148,SUP006,SKU0003,STR024,2025-07-25,2025-08-04,2025-08-04,129,129,Complete
DEV0000844,POL000738,PO00148,SUP012,SKU0006,STR007,2025-07-25,2025-08-04,2025-08-03,104,104,Complete
DEV0000845,POL000739,PO00148,SUP011,SKU0009,STR014,2025-07-25,2025-08-04,2025-08-02,85,85,Complete
DEV0000846,POL000740,PO00148,SUP005,SKU0012,STR021,2025-07-25,2025-08-04,2025-08-02,30,30,Complete
DEV0000847,POL000741,PO00149,SUP004,SKU0015,STR004,2025-07-25,2025-08-04,2025-08-04,99,99,Complete
DEV0000848,POL000742,PO00149,SUP010,SKU0018,STR011,2025-07-25,2025-08-04,2025-08-05,100,100,Complete
DEV0000849,POL000743,PO00149,SUP004,SKU0021,STR018,2025-07-25,2025-08-04,2025-08-03,30,30,Complete
DEV0000850,POL000744,PO00149,SUP003,SKU0024,STR001,2025-07-25,2025-08-04,2025-08-02,55,41,Complete
DEV0000851,POL000744,PO00149,SUP003,SKU0024,STR001,2025-07-25,2025-08-04,2025-08-03,55,14,Complete
DEV0000852,POL000745,PO00149,SUP009,SKU0027,STR008,2025-07-25,2025-08-04,2025-08-04,140,140,Complete
DEV0000853,POL000746,PO00150,SUP008,SKU0030,STR015,2025-07-25,2025-08-04,2025-08-03,33,33,Complete
DEV0000854,POL000747,PO00150,SUP002,SKU0033,STR022,2025-07-25,2025-08-04,2025-08-03,105,69,Complete
DEV0000855,POL000747,PO00150,SUP002,SKU0033,STR022,2025-07-25,2025-08-04,2025-08-04,105,36,Complete
DEV0000856,POL000748,PO00150,SUP001,SKU0036,STR005,2025-07-25,2025-08-04,2025-08-04,24,24,Complete
DEV0000857,POL000749,PO00150,SUP007,SKU0039,STR012,2025-07-25,2025-08-04,2025-08-04,75,75,Complete
DEV0000858,POL000750,PO00150,SUP001,SKU0042,STR019,2025-07-25,2025-08-04,2025-08-02,84,54,Complete
DEV0000859,POL000750,PO00150,SUP001,SKU0042,STR019,2025-07-25,2025-08-04,2025-08-03,84,30,Complete
DEV0000860,POL000751,PO00151,SUP012,SKU0045,STR002,2025-07-25,2025-08-04,2025-08-02,89,89,Complete
DEV0000861,POL000752,PO00151,SUP006,SKU0048,STR009,2025-07-25,2025-08-04,2025-08-04,86,86,Complete
DEV0000862,POL000753,PO00151,SUP005,SKU0051,STR016,2025-07-25,2025-08-04,2025-08-04,80,80,Complete
DEV0000863,POL000754,PO00151,SUP011,SKU0054,STR023,2025-07-25,2025-08-04,2025-08-04,96,96,Complete
DEV0000864,POL000755,PO00151,SUP010,SKU0057,STR006,2025-07-25,2025-08-04,2025-08-02,50,50,Complete
DEV0000865,POL000756,PO00152,SUP004,SKU0060,STR013,2025-07-25,2025-08-04,2025-08-04,43,43,Complete
DEV0000866,POL000757,PO00152,SUP010,SKU0063,STR020,2025-07-25,2025-08-04,2025-08-04,99,99,Complete
DEV0000867,POL000758,PO00152,SUP009,SKU0066,STR003,2025-07-25,2025-08-04,2025-08-01,122,76,Complete
DEV0000868,POL000758,PO00152,SUP009,SKU0066,STR003,2025-07-25,2025-08-04,2025-08-02,122,46,Complete
DEV0000869,POL000759,PO00152,SUP003,SKU0069,STR010,2025-07-25,2025-08-04,2025-08-04,127,127,Complete
DEV0000870,POL000760,PO00152,SUP002,SKU0072,STR017,2025-07-25,2025-08-04,2025-08-03,83,83,Complete
DEV0000871,POL000761,PO00153,SUP008,SKU0075,STR024,2025-07-25,2025-08-04,2025-08-03,128,128,Complete
DEV0000872,POL000762,PO00153,SUP007,SKU0078,STR007,2025-07-25,2025-08-04,2025-08-03,64,64,Complete
DEV0000873,POL000763,PO00153,SUP001,SKU0081,STR014,2025-07-25,2025-08-04,2025-08-03,94,94,Complete
DEV0000874,POL000764,PO00153,SUP007,SKU0084,STR021,2025-07-25,2025-08-04,2025-08-04,71,71,Complete
DEV0000875,POL000765,PO00153,SUP006,SKU0087,STR004,2025-07-25,2025-08-04,2025-08-02,135,135,Complete
DEV0000876,POL000766,PO00154,SUP012,SKU0090,STR011,2025-07-25,2025-08-04,2025-08-06,39,39,Complete
DEV0000877,POL000767,PO00154,SUP011,SKU0093,STR018,2025-07-25,2025-08-04,2025-08-04,74,74,Complete
DEV0000878,POL000768,PO00154,SUP005,SKU0096,STR001,2025-07-25,2025-08-04,2025-08-04,72,72,Complete
DEV0000879,POL000769,PO00154,SUP012,SKU0002,STR008,2025-08-01,2025-08-11,2025-08-09,90,90,Complete
DEV0000880,POL000770,PO00154,SUP006,SKU0005,STR015,2025-08-01,2025-08-11,2025-08-09,104,104,Complete
DEV0000881,POL000771,PO00155,SUP005,SKU0008,STR022,2025-08-01,2025-08-11,2025-08-09,133,64,Complete
DEV0000882,POL000771,PO00155,SUP005,SKU0008,STR022,2025-08-01,2025-08-11,2025-08-10,133,69,Complete
DEV0000883,POL000772,PO00155,SUP011,SKU0011,STR005,2025-08-01,2025-08-11,2025-08-11,83,83,Complete
DEV0000884,POL000773,PO00155,SUP005,SKU0014,STR012,2025-08-01,2025-08-11,2025-08-14,112,112,Complete
DEV0000885,POL000774,PO00155,SUP004,SKU0017,STR019,2025-08-01,2025-08-11,2025-08-12,116,116,Complete
DEV0000886,POL000775,PO00155,SUP010,SKU0020,STR002,2025-08-01,2025-08-11,2025-08-10,59,59,Complete
DEV0000887,POL000776,PO00156,SUP009,SKU0023,STR009,2025-08-01,2025-08-11,2025-08-11,83,83,Complete
DEV0000888,POL000777,PO00156,SUP003,SKU0026,STR016,2025-08-01,2025-08-11,2025-08-10,68,68,Complete
DEV0000889,POL000778,PO00156,SUP002,SKU0029,STR023,2025-08-01,2025-08-11,2025-08-10,26,26,Complete
DEV0000890,POL000779,PO00156,SUP008,SKU0032,STR006,2025-08-01,2025-08-11,2025-08-10,41,41,Complete
DEV0000891,POL000780,PO00156,SUP002,SKU0035,STR013,2025-08-01,2025-08-11,2025-08-10,37,37,Complete
DEV0000892,POL000781,PO00157,SUP001,SKU0038,STR020,2025-08-01,2025-08-11,2025-08-11,125,125,Complete
DEV0000893,POL000782,PO00157,SUP007,SKU0041,STR003,2025-08-01,2025-08-11,2025-08-16,52,52,Complete
DEV0000894,POL000783,PO00157,SUP006,SKU0044,STR010,2025-08-01,2025-08-11,2025-08-11,120,120,Complete
DEV0000895,POL000784,PO00157,SUP012,SKU0047,STR017,2025-08-01,2025-08-11,2025-08-11,52,37,Partially Received
DEV0000896,POL000785,PO00157,SUP011,SKU0050,STR024,2025-08-01,2025-08-11,2025-08-09,32,24,Partially Received
DEV0000897,POL000786,PO00158,SUP005,SKU0053,STR007,2025-08-01,2025-08-11,2025-08-11,79,79,Complete
DEV0000898,POL000787,PO00158,SUP011,SKU0056,STR014,2025-08-01,2025-08-11,2025-08-10,26,26,Complete
DEV0000899,POL000788,PO00158,SUP010,SKU0059,STR021,2025-08-01,2025-08-11,2025-08-09,84,84,Complete
DEV0000900,POL000789,PO00158,SUP004,SKU0062,STR004,2025-08-01,2025-08-11,2025-08-11,56,56,Complete
DEV0000901,POL000790,PO00158,SUP003,SKU0065,STR011,2025-08-01,2025-08-11,2025-08-11,47,47,Complete
DEV0000902,POL000791,PO00159,SUP009,SKU0068,STR018,2025-08-01,2025-08-11,2025-08-10,125,125,Complete
DEV0000903,POL000792,PO00159,SUP008,SKU0071,STR001,2025-08-01,2025-08-11,2025-08-13,140,140,Complete
DEV0000904,POL000793,PO00159,SUP002,SKU0074,STR008,2025-08-01,2025-08-11,2025-08-10,68,68,Complete
DEV0000905,POL000794,PO00159,SUP008,SKU0077,STR015,2025-08-01,2025-08-11,2025-08-09,40,40,Complete
DEV0000906,POL000795,PO00159,SUP007,SKU0080,STR022,2025-08-01,2025-08-11,2025-08-10,31,31,Complete
DEV0000907,POL000796,PO00160,SUP001,SKU0083,STR005,2025-08-01,2025-08-11,2025-08-10,84,84,Complete
DEV0000908,POL000797,PO00160,SUP012,SKU0086,STR012,2025-08-01,2025-08-11,2025-08-11,79,79,Complete
DEV0000909,POL000798,PO00160,SUP006,SKU0089,STR019,2025-08-01,2025-08-11,2025-08-09,38,38,Complete
DEV0000910,POL000799,PO00160,SUP005,SKU0092,STR002,2025-08-01,2025-08-11,2025-08-09,88,88,Complete
DEV0000911,POL000800,PO00160,SUP011,SKU0095,STR009,2025-08-01,2025-08-11,2025-08-09,49,49,Complete
DEV0000912,POL000801,PO00161,SUP006,SKU0001,STR016,2025-08-08,2025-08-18,2025-08-17,95,95,Complete
DEV0000913,POL000802,PO00161,SUP012,SKU0004,STR023,2025-08-08,2025-08-18,2025-08-17,131,131,Complete
DEV0000914,POL000803,PO00161,SUP006,SKU0007,STR006,2025-08-08,2025-08-18,2025-08-16,84,84,Complete
DEV0000915,POL000804,PO00161,SUP005,SKU0010,STR013,2025-08-08,2025-08-18,2025-08-19,53,53,Complete
DEV0000916,POL000805,PO00161,SUP011,SKU0013,STR020,2025-08-08,2025-08-18,2025-08-17,114,114,Complete
DEV0000917,POL000806,PO00162,SUP010,SKU0016,STR003,2025-08-08,2025-08-18,2025-08-16,81,81,Complete
DEV0000918,POL000807,PO00162,SUP004,SKU0019,STR010,2025-08-08,2025-08-18,2025-08-16,48,48,Complete
DEV0000919,POL000808,PO00162,SUP003,SKU0022,STR017,2025-08-08,2025-08-18,2025-08-17,96,96,Complete
DEV0000920,POL000809,PO00162,SUP009,SKU0025,STR024,2025-08-08,2025-08-18,2025-08-18,90,90,Complete
DEV0000921,POL000810,PO00162,SUP003,SKU0028,STR007,2025-08-08,2025-08-18,2025-08-17,39,27,Partially Received
DEV0000922,POL000811,PO00163,SUP002,SKU0031,STR014,2025-08-08,2025-08-18,2025-08-16,38,38,Complete
DEV0000923,POL000812,PO00163,SUP008,SKU0034,STR021,2025-08-08,2025-08-18,2025-08-16,67,67,Complete
DEV0000924,POL000813,PO00163,SUP007,SKU0037,STR004,2025-08-08,2025-08-18,2025-08-18,72,72,Complete
DEV0000925,POL000814,PO00163,SUP001,SKU0040,STR011,2025-08-08,2025-08-18,2025-08-17,130,130,Complete
DEV0000926,POL000815,PO00163,SUP012,SKU0043,STR018,2025-08-08,2025-08-18,2025-08-16,26,26,Complete
DEV0000927,POL000816,PO00164,SUP006,SKU0046,STR001,2025-08-08,2025-08-18,2025-08-18,28,28,Complete
DEV0000928,POL000817,PO00164,SUP012,SKU0049,STR008,2025-08-08,2025-08-18,2025-08-19,91,91,Complete
DEV0000929,POL000818,PO00164,SUP011,SKU0052,STR015,2025-08-08,2025-08-18,2025-08-16,52,52,Complete
DEV0000930,POL000819,PO00164,SUP005,SKU0055,STR022,2025-08-08,2025-08-18,2025-08-17,125,125,Complete
DEV0000931,POL000820,PO00164,SUP004,SKU0058,STR005,2025-08-08,2025-08-18,2025-08-19,92,92,Complete
DEV0000932,POL000821,PO00165,SUP010,SKU0061,STR012,2025-08-08,2025-08-18,2025-08-17,53,53,Complete
DEV0000933,POL000822,PO00165,SUP009,SKU0064,STR019,2025-08-08,2025-08-18,2025-08-15,76,40,Partially Received
DEV0000934,POL000822,PO00165,SUP009,SKU0064,STR019,2025-08-08,2025-08-18,2025-08-16,76,20,Partially Received
DEV0000935,POL000823,PO00165,SUP003,SKU0067,STR002,2025-08-08,2025-08-18,2025-08-17,69,31,Complete
DEV0000936,POL000823,PO00165,SUP003,SKU0067,STR002,2025-08-08,2025-08-18,2025-08-18,69,38,Complete
DEV0000937,POL000824,PO00165,SUP009,SKU0070,STR009,2025-08-08,2025-08-18,2025-08-21,48,34,Partially Received
DEV0000938,POL000825,PO00165,SUP008,SKU0073,STR016,2025-08-08,2025-08-18,2025-08-17,57,42,Complete
DEV0000939,POL000825,PO00165,SUP008,SKU0073,STR016,2025-08-08,2025-08-18,2025-08-18,57,15,Complete
DEV0000940,POL000826,PO00166,SUP002,SKU0076,STR023,2025-08-08,2025-08-18,2025-08-18,103,91,Partially Received
DEV0000941,POL000827,PO00166,SUP001,SKU0079,STR006,2025-08-08,2025-08-18,2025-08-17,93,93,Complete
DEV0000942,POL000828,PO00166,SUP007,SKU0082,STR013,2025-08-08,2025-08-18,2025-08-16,76,76,Complete
DEV0000943,POL000829,PO00166,SUP006,SKU0085,STR020,2025-08-08,2025-08-18,2025-08-18,38,38,Complete
DEV0000944,POL000830,PO00166,SUP012,SKU0088,STR003,2025-08-08,2025-08-18,2025-08-16,127,127,Complete
DEV0000945,POL000831,PO00167,SUP006,SKU0091,STR010,2025-08-08,2025-08-18,2025-08-17,50,50,Complete
DEV0000946,POL000832,PO00167,SUP005,SKU0094,STR017,2025-08-08,2025-08-18,2025-08-16,129,86,Complete
DEV0000947,POL000832,PO00167,SUP005,SKU0094,STR017,2025-08-08,2025-08-18,2025-08-17,129,43,Complete
DEV0000948,POL000833,PO00167,SUP006,SKU0003,STR024,2025-08-15,2025-08-25,2025-08-30,62,62,Complete
DEV0000949,POL000834,PO00167,SUP012,SKU0006,STR007,2025-08-15,2025-08-25,2025-08-24,76,40,Complete
DEV0000950,POL000834,PO00167,SUP012,SKU0006,STR007,2025-08-15,2025-08-25,2025-08-25,76,36,Complete
DEV0000951,POL000835,PO00167,SUP011,SKU0009,STR014,2025-08-15,2025-08-25,2025-08-25,90,90,Complete
DEV0000952,POL000836,PO00168,SUP005,SKU0012,STR021,2025-08-15,2025-08-25,2025-08-25,137,137,Complete
DEV0000953,POL000837,PO00168,SUP004,SKU0015,STR004,2025-08-15,2025-08-25,2025-08-23,27,27,Complete
DEV0000954,POL000838,PO00168,SUP010,SKU0018,STR011,2025-08-15,2025-08-25,2025-08-23,45,45,Complete
DEV0000955,POL000839,PO00168,SUP004,SKU0021,STR018,2025-08-15,2025-08-25,2025-08-24,111,111,Complete
DEV0000956,POL000840,PO00168,SUP003,SKU0024,STR001,2025-08-15,2025-08-25,2025-08-23,112,112,Complete
DEV0000957,POL000841,PO00169,SUP009,SKU0027,STR008,2025-08-15,2025-08-25,2025-08-24,86,86,Complete
DEV0000958,POL000842,PO00169,SUP008,SKU0030,STR015,2025-08-15,2025-08-25,2025-08-23,96,96,Complete
DEV0000959,POL000843,PO00169,SUP002,SKU0033,STR022,2025-08-15,2025-08-25,2025-08-24,53,53,Complete
DEV0000960,POL000844,PO00169,SUP001,SKU0036,STR005,2025-08-15,2025-08-25,2025-08-22,125,82,Complete
DEV0000961,POL000844,PO00169,SUP001,SKU0036,STR005,2025-08-15,2025-08-25,2025-08-23,125,43,Complete
DEV0000962,POL000845,PO00169,SUP007,SKU0039,STR012,2025-08-15,2025-08-25,2025-08-23,55,55,Complete
DEV0000963,POL000846,PO00170,SUP001,SKU0042,STR019,2025-08-15,2025-08-25,2025-08-23,75,75,Complete
DEV0000964,POL000847,PO00170,SUP012,SKU0045,STR002,2025-08-15,2025-08-25,2025-08-23,101,101,Complete
DEV0000965,POL000848,PO00170,SUP006,SKU0048,STR009,2025-08-15,2025-08-25,2025-08-24,100,100,Complete
DEV0000966,POL000849,PO00170,SUP005,SKU0051,STR016,2025-08-15,2025-08-25,2025-08-25,69,69,Complete
DEV0000967,POL000850,PO00170,SUP011,SKU0054,STR023,2025-08-15,2025-08-25,2025-08-23,58,58,Complete
DEV0000968,POL000851,PO00171,SUP010,SKU0057,STR006,2025-08-15,2025-08-25,2025-08-25,135,135,Complete
DEV0000969,POL000852,PO00171,SUP004,SKU0060,STR013,2025-08-15,2025-08-25,2025-08-25,115,115,Complete
DEV0000970,POL000853,PO00171,SUP010,SKU0063,STR020,2025-08-15,2025-08-25,2025-08-24,130,89,Partially Received
DEV0000971,POL000854,PO00171,SUP009,SKU0066,STR003,2025-08-15,2025-08-25,2025-08-23,60,60,Complete
DEV0000972,POL000855,PO00171,SUP003,SKU0069,STR010,2025-08-15,2025-08-25,2025-08-24,108,108,Complete
DEV0000973,POL000856,PO00172,SUP002,SKU0072,STR017,2025-08-15,2025-08-25,2025-08-27,75,75,Complete
DEV0000974,POL000857,PO00172,SUP008,SKU0075,STR024,2025-08-15,2025-08-25,2025-08-25,132,132,Complete
DEV0000975,POL000858,PO00172,SUP007,SKU0078,STR007,2025-08-15,2025-08-25,2025-08-23,24,24,Complete
DEV0000976,POL000859,PO00172,SUP001,SKU0081,STR014,2025-08-15,2025-08-25,2025-08-24,96,96,Complete
DEV0000977,POL000860,PO00172,SUP007,SKU0084,STR021,2025-08-15,2025-08-25,2025-08-23,120,120,Complete
DEV0000978,POL000861,PO00173,SUP006,SKU0087,STR004,2025-08-15,2025-08-25,2025-08-25,42,42,Complete
DEV0000979,POL000862,PO00173,SUP012,SKU0090,STR011,2025-08-15,2025-08-25,2025-08-25,79,79,Complete
DEV0000980,POL000863,PO00173,SUP011,SKU0093,STR018,2025-08-15,2025-08-25,2025-08-26,107,107,Complete
DEV0000981,POL000864,PO00173,SUP005,SKU0096,STR001,2025-08-15,2025-08-25,2025-08-23,61,61,Complete
DEV0000982,POL000865,PO00173,SUP012,SKU0002,STR008,2025-08-22,2025-09-01,2025-08-30,89,89,Complete
DEV0000983,POL000866,PO00174,SUP006,SKU0005,STR015,2025-08-22,2025-09-01,2025-08-31,76,76,Complete
DEV0000984,POL000867,PO00174,SUP005,SKU0008,STR022,2025-08-22,2025-09-01,2025-08-30,129,129,Complete
DEV0000985,POL000868,PO00174,SUP011,SKU0011,STR005,2025-08-22,2025-09-01,2025-08-31,27,27,Complete
DEV0000986,POL000869,PO00174,SUP005,SKU0014,STR012,2025-08-22,2025-09-01,2025-09-05,54,31,Complete
DEV0000987,POL000869,PO00174,SUP005,SKU0014,STR012,2025-08-22,2025-09-01,2025-09-06,54,23,Complete
DEV0000988,POL000870,PO00174,SUP004,SKU0017,STR019,2025-08-22,2025-09-01,2025-08-31,93,93,Complete
DEV0000989,POL000871,PO00175,SUP010,SKU0020,STR002,2025-08-22,2025-09-01,2025-09-05,113,113,Complete
DEV0000990,POL000872,PO00175,SUP009,SKU0023,STR009,2025-08-22,2025-09-01,2025-09-05,84,84,Complete
DEV0000991,POL000873,PO00175,SUP003,SKU0026,STR016,2025-08-22,2025-09-01,2025-09-01,29,29,Complete
DEV0000992,POL000874,PO00175,SUP002,SKU0029,STR023,2025-08-22,2025-09-01,2025-08-31,51,36,Partially Received
DEV0000993,POL000875,PO00175,SUP008,SKU0032,STR006,2025-08-22,2025-09-01,2025-08-29,75,35,Complete
DEV0000994,POL000875,PO00175,SUP008,SKU0032,STR006,2025-08-22,2025-09-01,2025-08-30,75,40,Complete
DEV0000995,POL000876,PO00176,SUP002,SKU0035,STR013,2025-08-22,2025-09-01,2025-08-30,131,131,Complete
DEV0000996,POL000877,PO00176,SUP001,SKU0038,STR020,2025-08-22,2025-09-01,2025-08-31,46,46,Complete
DEV0000997,POL000878,PO00176,SUP007,SKU0041,STR003,2025-08-22,2025-09-01,2025-08-30,87,87,Complete
DEV0000998,POL000879,PO00176,SUP006,SKU0044,STR010,2025-08-22,2025-09-01,2025-09-01,24,24,Complete
DEV0000999,POL000880,PO00176,SUP012,SKU0047,STR017,2025-08-22,2025-09-01,2025-09-01,48,48,Complete
DEV0001000,POL000881,PO00177,SUP011,SKU0050,STR024,2025-08-22,2025-09-01,2025-09-01,128,128,Complete
DEV0001001,POL000882,PO00177,SUP005,SKU0053,STR007,2025-08-22,2025-09-01,2025-09-01,74,74,Complete
DEV0001002,POL000883,PO00177,SUP011,SKU0056,STR014,2025-08-22,2025-09-01,2025-08-30,126,126,Complete
DEV0001003,POL000884,PO00177,SUP010,SKU0059,STR021,2025-08-22,2025-09-01,2025-09-03,24,24,Complete
DEV0001004,POL000885,PO00177,SUP004,SKU0062,STR004,2025-08-22,2025-09-01,2025-08-31,127,127,Complete
DEV0001005,POL000886,PO00178,SUP003,SKU0065,STR011,2025-08-22,2025-09-01,2025-09-01,129,129,Complete
DEV0001006,POL000887,PO00178,SUP009,SKU0068,STR018,2025-08-22,2025-09-01,2025-09-01,57,57,Complete
DEV0001007,POL000888,PO00178,SUP008,SKU0071,STR001,2025-08-22,2025-09-01,2025-08-31,67,51,Partially Received
DEV0001008,POL000889,PO00178,SUP002,SKU0074,STR008,2025-08-22,2025-09-01,2025-09-03,24,24,Complete
DEV0001009,POL000890,PO00178,SUP008,SKU0077,STR015,2025-08-22,2025-09-01,2025-09-01,131,131,Complete
DEV0001010,POL000891,PO00179,SUP007,SKU0080,STR022,2025-08-22,2025-09-01,2025-09-01,34,34,Complete
DEV0001011,POL000892,PO00179,SUP001,SKU0083,STR005,2025-08-22,2025-09-01,2025-08-29,74,43,Complete
DEV0001012,POL000892,PO00179,SUP001,SKU0083,STR005,2025-08-22,2025-09-01,2025-08-30,74,31,Complete
DEV0001013,POL000893,PO00179,SUP012,SKU0086,STR012,2025-08-22,2025-09-01,2025-08-31,46,40,Partially Received
DEV0001014,POL000894,PO00179,SUP006,SKU0089,STR019,2025-08-22,2025-09-01,2025-08-30,31,31,Complete
DEV0001015,POL000895,PO00179,SUP005,SKU0092,STR002,2025-08-22,2025-09-01,2025-09-01,63,63,Complete
DEV0001016,POL000896,PO00180,SUP011,SKU0095,STR009,2025-08-22,2025-09-01,2025-08-31,116,116,Complete
DEV0001017,POL000897,PO00180,SUP006,SKU0001,STR016,2025-08-29,2025-09-08,2025-09-07,96,96,Complete
DEV0001018,POL000898,PO00180,SUP012,SKU0004,STR023,2025-08-29,2025-09-08,2025-09-08,79,79,Complete
DEV0001019,POL000899,PO00180,SUP006,SKU0007,STR006,2025-08-29,2025-09-08,2025-09-06,54,54,Complete
DEV0001020,POL000900,PO00180,SUP005,SKU0010,STR013,2025-08-29,2025-09-08,2025-09-07,73,58,Partially Received
DEV0001021,POL000901,PO00181,SUP011,SKU0013,STR020,2025-08-29,2025-09-08,2025-09-08,139,139,Complete
DEV0001022,POL000902,PO00181,SUP010,SKU0016,STR003,2025-08-29,2025-09-08,2025-09-08,71,71,Complete
DEV0001023,POL000903,PO00181,SUP004,SKU0019,STR010,2025-08-29,2025-09-08,2025-09-08,59,59,Complete
DEV0001024,POL000904,PO00181,SUP003,SKU0022,STR017,2025-08-29,2025-09-08,2025-09-08,43,43,Complete
DEV0001025,POL000905,PO00181,SUP009,SKU0025,STR024,2025-08-29,2025-09-08,2025-09-07,124,124,Complete
DEV0001026,POL000906,PO00182,SUP003,SKU0028,STR007,2025-08-29,2025-09-08,2025-09-06,43,43,Complete
DEV0001027,POL000907,PO00182,SUP002,SKU0031,STR014,2025-08-29,2025-09-08,2025-09-06,102,102,Complete
DEV0001028,POL000908,PO00182,SUP008,SKU0034,STR021,2025-08-29,2025-09-08,2025-09-08,60,60,Complete
DEV0001029,POL000909,PO00182,SUP007,SKU0037,STR004,2025-08-29,2025-09-08,2025-09-08,32,32,Complete
DEV0001030,POL000910,PO00182,SUP001,SKU0040,STR011,2025-08-29,2025-09-08,2025-09-06,98,76,Partially Received
DEV0001031,POL000911,PO00183,SUP012,SKU0043,STR018,2025-08-29,2025-09-08,2025-09-07,128,128,Complete
DEV0001032,POL000912,PO00183,SUP006,SKU0046,STR001,2025-08-29,2025-09-08,2025-09-07,102,102,Complete
DEV0001033,POL000913,PO00183,SUP012,SKU0049,STR008,2025-08-29,2025-09-08,2025-09-08,87,87,Complete
DEV0001034,POL000914,PO00183,SUP011,SKU0052,STR015,2025-08-29,2025-09-08,2025-09-08,126,126,Complete
DEV0001035,POL000915,PO00183,SUP005,SKU0055,STR022,2025-08-29,2025-09-08,2025-09-08,131,131,Complete
DEV0001036,POL000916,PO00184,SUP004,SKU0058,STR005,2025-08-29,2025-09-08,2025-09-07,79,79,Complete
DEV0001037,POL000917,PO00184,SUP010,SKU0061,STR012,2025-08-29,2025-09-08,2025-09-06,76,54,Complete
DEV0001038,POL000917,PO00184,SUP010,SKU0061,STR012,2025-08-29,2025-09-08,2025-09-07,76,22,Complete
DEV0001039,POL000918,PO00184,SUP009,SKU0064,STR019,2025-08-29,2025-09-08,2025-09-08,56,48,Partially Received
DEV0001040,POL000919,PO00184,SUP003,SKU0067,STR002,2025-08-29,2025-09-08,2025-09-05,59,43,Complete
DEV0001041,POL000919,PO00184,SUP003,SKU0067,STR002,2025-08-29,2025-09-08,2025-09-06,59,16,Complete
DEV0001042,POL000920,PO00184,SUP009,SKU0070,STR009,2025-08-29,2025-09-08,2025-09-10,29,29,Complete
DEV0001043,POL000921,PO00185,SUP008,SKU0073,STR016,2025-08-29,2025-09-08,2025-09-06,58,58,Complete
DEV0001044,POL000922,PO00185,SUP002,SKU0076,STR023,2025-08-29,2025-09-08,2025-09-06,138,138,Complete
DEV0001045,POL000923,PO00185,SUP001,SKU0079,STR006,2025-08-29,2025-09-08,2025-09-06,74,74,Complete
DEV0001046,POL000924,PO00185,SUP007,SKU0082,STR013,2025-08-29,2025-09-08,2025-09-05,69,34,Complete
DEV0001047,POL000924,PO00185,SUP007,SKU0082,STR013,2025-08-29,2025-09-08,2025-09-06,69,35,Complete
DEV0001048,POL000925,PO00185,SUP006,SKU0085,STR020,2025-08-29,2025-09-08,2025-09-08,46,46,Complete
DEV0001049,POL000926,PO00186,SUP012,SKU0088,STR003,2025-08-29,2025-09-08,2025-09-08,100,100,Complete
DEV0001050,POL000927,PO00186,SUP006,SKU0091,STR010,2025-08-29,2025-09-08,2025-09-06,59,59,Complete
DEV0001051,POL000928,PO00186,SUP005,SKU0094,STR017,2025-08-29,2025-09-08,2025-09-08,85,85,Complete
DEV0001052,POL000929,PO00186,SUP006,SKU0003,STR024,2025-09-05,2025-09-15,2025-09-15,32,32,Complete
DEV0001053,POL000930,PO00186,SUP012,SKU0006,STR007,2025-09-05,2025-09-15,2025-09-15,77,77,Complete
DEV0001054,POL000931,PO00187,SUP011,SKU0009,STR014,2025-09-05,2025-09-15,2025-09-14,32,32,Complete
DEV0001055,POL000932,PO00187,SUP005,SKU0012,STR021,2025-09-05,2025-09-15,2025-09-12,94,47,Complete
DEV0001056,POL000932,PO00187,SUP005,SKU0012,STR021,2025-09-05,2025-09-15,2025-09-13,94,47,Complete
DEV0001057,POL000933,PO00187,SUP004,SKU0015,STR004,2025-09-05,2025-09-15,2025-09-14,129,129,Complete
DEV0001058,POL000934,PO00187,SUP010,SKU0018,STR011,2025-09-05,2025-09-15,2025-09-12,104,53,Complete
DEV0001059,POL000934,PO00187,SUP010,SKU0018,STR011,2025-09-05,2025-09-15,2025-09-13,104,51,Complete
DEV0001060,POL000935,PO00187,SUP004,SKU0021,STR018,2025-09-05,2025-09-15,2025-09-13,75,75,Complete
DEV0001061,POL000936,PO00188,SUP003,SKU0024,STR001,2025-09-05,2025-09-15,2025-09-15,123,123,Complete
DEV0001062,POL000937,PO00188,SUP009,SKU0027,STR008,2025-09-05,2025-09-15,2025-09-14,132,132,Complete
DEV0001063,POL000938,PO00188,SUP008,SKU0030,STR015,2025-09-05,2025-09-15,2025-09-15,136,136,Complete
DEV0001064,POL000939,PO00188,SUP002,SKU0033,STR022,2025-09-05,2025-09-15,2025-09-14,111,111,Complete
DEV0001065,POL000940,PO00188,SUP001,SKU0036,STR005,2025-09-05,2025-09-15,2025-09-13,56,56,Complete
DEV0001066,POL000941,PO00189,SUP007,SKU0039,STR012,2025-09-05,2025-09-15,2025-09-14,50,50,Complete
DEV0001067,POL000942,PO00189,SUP001,SKU0042,STR019,2025-09-05,2025-09-15,2025-09-13,96,96,Complete
DEV0001068,POL000943,PO00189,SUP012,SKU0045,STR002,2025-09-05,2025-09-15,2025-09-13,107,107,Complete
DEV0001069,POL000944,PO00189,SUP006,SKU0048,STR009,2025-09-05,2025-09-15,2025-09-12,136,69,Complete
DEV0001070,POL000944,PO00189,SUP006,SKU0048,STR009,2025-09-05,2025-09-15,2025-09-13,136,67,Complete
DEV0001071,POL000945,PO00189,SUP005,SKU0051,STR016,2025-09-05,2025-09-15,2025-09-16,130,130,Complete
DEV0001072,POL000946,PO00190,SUP011,SKU0054,STR023,2025-09-05,2025-09-15,2025-09-12,93,47,Partially Received
DEV0001073,POL000946,PO00190,SUP011,SKU0054,STR023,2025-09-05,2025-09-15,2025-09-13,93,18,Partially Received
DEV0001074,POL000947,PO00190,SUP010,SKU0057,STR006,2025-09-05,2025-09-15,2025-09-15,82,82,Complete
DEV0001075,POL000948,PO00190,SUP004,SKU0060,STR013,2025-09-05,2025-09-15,2025-09-13,72,52,Partially Received
DEV0001076,POL000949,PO00190,SUP010,SKU0063,STR020,2025-09-05,2025-09-15,2025-09-13,44,44,Complete
DEV0001077,POL000950,PO00190,SUP009,SKU0066,STR003,2025-09-05,2025-09-15,2025-09-14,115,115,Complete
DEV0001078,POL000951,PO00191,SUP003,SKU0069,STR010,2025-09-05,2025-09-15,2025-09-14,33,33,Complete
DEV0001079,POL000952,PO00191,SUP002,SKU0072,STR017,2025-09-05,2025-09-15,2025-09-14,91,91,Complete
DEV0001080,POL000953,PO00191,SUP008,SKU0075,STR024,2025-09-05,2025-09-15,2025-09-14,103,50,Complete
DEV0001081,POL000953,PO00191,SUP008,SKU0075,STR024,2025-09-05,2025-09-15,2025-09-15,103,53,Complete
DEV0001082,POL000954,PO00191,SUP007,SKU0078,STR007,2025-09-05,2025-09-15,2025-09-14,106,106,Complete
DEV0001083,POL000955,PO00191,SUP001,SKU0081,STR014,2025-09-05,2025-09-15,2025-09-14,64,64,Complete
DEV0001084,POL000956,PO00192,SUP007,SKU0084,STR021,2025-09-05,2025-09-15,2025-09-14,83,83,Complete
DEV0001085,POL000957,PO00192,SUP006,SKU0087,STR004,2025-09-05,2025-09-15,2025-09-15,49,44,Partially Received
DEV0001086,POL000958,PO00192,SUP012,SKU0090,STR011,2025-09-05,2025-09-15,2025-09-18,34,34,Complete
DEV0001087,POL000959,PO00192,SUP011,SKU0093,STR018,2025-09-05,2025-09-15,2025-09-14,29,29,Complete
DEV0001088,POL000960,PO00192,SUP005,SKU0096,STR001,2025-09-05,2025-09-15,2025-09-14,34,34,Complete
DEV0001089,POL000961,PO00193,SUP012,SKU0002,STR008,2025-09-12,2025-09-22,2025-09-19,69,35,Complete
DEV0001090,POL000961,PO00193,SUP012,SKU0002,STR008,2025-09-12,2025-09-22,2025-09-20,69,34,Complete
DEV0001091,POL000962,PO00193,SUP006,SKU0005,STR015,2025-09-12,2025-09-22,2025-09-20,91,38,Partially Received
DEV0001092,POL000962,PO00193,SUP006,SKU0005,STR015,2025-09-12,2025-09-22,2025-09-21,91,28,Partially Received
DEV0001093,POL000963,PO00193,SUP005,SKU0008,STR022,2025-09-12,2025-09-22,2025-09-21,68,68,Complete
DEV0001094,POL000964,PO00193,SUP011,SKU0011,STR005,2025-09-12,2025-09-22,2025-09-22,35,35,Complete
DEV0001095,POL000965,PO00193,SUP005,SKU0014,STR012,2025-09-12,2025-09-22,2025-09-21,130,130,Complete
DEV0001096,POL000966,PO00194,SUP004,SKU0017,STR019,2025-09-12,2025-09-22,2025-09-20,136,88,Complete
DEV0001097,POL000966,PO00194,SUP004,SKU0017,STR019,2025-09-12,2025-09-22,2025-09-21,136,48,Complete
DEV0001098,POL000967,PO00194,SUP010,SKU0020,STR002,2025-09-12,2025-09-22,2025-09-22,112,112,Complete
DEV0001099,POL000968,PO00194,SUP009,SKU0023,STR009,2025-09-12,2025-09-22,2025-09-22,101,101,Complete
DEV0001100,POL000969,PO00194,SUP003,SKU0026,STR016,2025-09-12,2025-09-22,2025-09-20,50,50,Complete
DEV0001101,POL000970,PO00194,SUP002,SKU0029,STR023,2025-09-12,2025-09-22,2025-09-21,32,32,Complete
DEV0001102,POL000971,PO00195,SUP008,SKU0032,STR006,2025-09-12,2025-09-22,2025-09-21,123,83,Complete
DEV0001103,POL000971,PO00195,SUP008,SKU0032,STR006,2025-09-12,2025-09-22,2025-09-22,123,40,Complete
DEV0001104,POL000972,PO00195,SUP002,SKU0035,STR013,2025-09-12,2025-09-22,2025-09-22,69,69,Complete
DEV0001105,POL000973,PO00195,SUP001,SKU0038,STR020,2025-09-12,2025-09-22,2025-09-22,87,87,Complete
DEV0001106,POL000974,PO00195,SUP007,SKU0041,STR003,2025-09-12,2025-09-22,2025-09-21,107,107,Complete
DEV0001107,POL000975,PO00195,SUP006,SKU0044,STR010,2025-09-12,2025-09-22,2025-09-20,125,125,Complete
DEV0001108,POL000976,PO00196,SUP012,SKU0047,STR017,2025-09-12,2025-09-22,2025-09-21,101,55,Complete
DEV0001109,POL000976,PO00196,SUP012,SKU0047,STR017,2025-09-12,2025-09-22,2025-09-22,101,46,Complete
DEV0001110,POL000977,PO00196,SUP011,SKU0050,STR024,2025-09-12,2025-09-22,2025-09-20,92,92,Complete
DEV0001111,POL000978,PO00196,SUP005,SKU0053,STR007,2025-09-12,2025-09-22,2025-09-21,47,47,Complete
DEV0001112,POL000979,PO00196,SUP011,SKU0056,STR014,2025-09-12,2025-09-22,2025-09-20,80,80,Complete
DEV0001113,POL000980,PO00196,SUP010,SKU0059,STR021,2025-09-12,2025-09-22,2025-09-22,105,105,Complete
DEV0001114,POL000981,PO00197,SUP004,SKU0062,STR004,2025-09-12,2025-09-22,2025-09-22,106,106,Complete
DEV0001115,POL000982,PO00197,SUP003,SKU0065,STR011,2025-09-12,2025-09-22,2025-09-22,130,130,Complete
DEV0001116,POL000983,PO00197,SUP009,SKU0068,STR018,2025-09-12,2025-09-22,2025-09-22,131,131,Complete
DEV0001117,POL000984,PO00197,SUP008,SKU0071,STR001,2025-09-12,2025-09-22,2025-09-22,27,27,Complete
DEV0001118,POL000985,PO00197,SUP002,SKU0074,STR008,2025-09-12,2025-09-22,2025-09-21,122,62,Complete
DEV0001119,POL000985,PO00197,SUP002,SKU0074,STR008,2025-09-12,2025-09-22,2025-09-22,122,60,Complete
DEV0001120,POL000986,PO00198,SUP008,SKU0077,STR015,2025-09-12,2025-09-22,2025-09-20,133,133,Complete
DEV0001121,POL000987,PO00198,SUP007,SKU0080,STR022,2025-09-12,2025-09-22,2025-09-22,55,55,Complete
DEV0001122,POL000988,PO00198,SUP001,SKU0083,STR005,2025-09-12,2025-09-22,2025-09-20,78,54,Partially Received
DEV0001123,POL000989,PO00198,SUP012,SKU0086,STR012,2025-09-12,2025-09-22,2025-09-22,123,79,Complete
DEV0001124,POL000989,PO00198,SUP012,SKU0086,STR012,2025-09-12,2025-09-22,2025-09-23,123,44,Complete
DEV0001125,POL000990,PO00198,SUP006,SKU0089,STR019,2025-09-12,2025-09-22,2025-09-20,88,88,Complete
DEV0001126,POL000991,PO00199,SUP005,SKU0092,STR002,2025-09-12,2025-09-22,2025-09-25,52,52,Complete
DEV0001127,POL000992,PO00199,SUP011,SKU0095,STR009,2025-09-12,2025-09-22,2025-09-20,90,90,Complete
DEV0001128,POL000993,PO00199,SUP006,SKU0001,STR016,2025-09-19,2025-09-29,2025-09-29,121,121,Complete
DEV0001129,POL000994,PO00199,SUP012,SKU0004,STR023,2025-09-19,2025-09-29,2025-09-29,91,91,Complete
DEV0001130,POL000995,PO00199,SUP006,SKU0007,STR006,2025-09-19,2025-09-29,2025-09-27,94,94,Complete
DEV0001131,POL000996,PO00200,SUP005,SKU0010,STR013,2025-09-19,2025-09-29,2025-09-28,90,90,Complete
DEV0001132,POL000997,PO00200,SUP011,SKU0013,STR020,2025-09-19,2025-09-29,2025-10-02,43,43,Complete
DEV0001133,POL000998,PO00200,SUP010,SKU0016,STR003,2025-09-19,2025-09-29,2025-09-28,64,39,Complete
DEV0001134,POL000998,PO00200,SUP010,SKU0016,STR003,2025-09-19,2025-09-29,2025-09-29,64,25,Complete
DEV0001135,POL000999,PO00200,SUP004,SKU0019,STR010,2025-09-19,2025-09-29,2025-09-28,37,37,Complete
DEV0001136,POL001000,PO00200,SUP003,SKU0022,STR017,2025-09-19,2025-09-29,2025-09-29,48,48,Complete
DEV0001137,POL001001,PO00201,SUP009,SKU0025,STR024,2025-09-19,2025-09-29,2025-09-29,83,60,Partially Received
DEV0001138,POL001002,PO00201,SUP003,SKU0028,STR007,2025-09-19,2025-09-29,2025-09-28,58,58,Complete
DEV0001139,POL001003,PO00201,SUP002,SKU0031,STR014,2025-09-19,2025-09-29,2025-10-02,49,37,Partially Received
DEV0001140,POL001004,PO00201,SUP008,SKU0034,STR021,2025-09-19,2025-09-29,2025-09-29,50,50,Complete
DEV0001141,POL001005,PO00201,SUP007,SKU0037,STR004,2025-09-19,2025-09-29,2025-09-29,104,74,Partially Received
DEV0001142,POL001006,PO00202,SUP001,SKU0040,STR011,2025-09-19,2025-09-29,2025-09-28,97,97,Complete
DEV0001143,POL001007,PO00202,SUP012,SKU0043,STR018,2025-09-19,2025-09-29,2025-09-28,113,67,Complete
DEV0001144,POL001007,PO00202,SUP012,SKU0043,STR018,2025-09-19,2025-09-29,2025-09-29,113,46,Complete
DEV0001145,POL001008,PO00202,SUP006,SKU0046,STR001,2025-09-19,2025-09-29,2025-09-29,114,114,Complete
DEV0001146,POL001009,PO00202,SUP012,SKU0049,STR008,2025-09-19,2025-09-29,2025-09-27,134,134,Complete
DEV0001147,POL001010,PO00202,SUP011,SKU0052,STR015,2025-09-19,2025-09-29,2025-09-29,58,58,Complete
DEV0001148,POL001011,PO00203,SUP005,SKU0055,STR022,2025-09-19,2025-09-29,2025-09-27,85,85,Complete
DEV0001149,POL001012,PO00203,SUP004,SKU0058,STR005,2025-09-19,2025-09-29,2025-09-29,94,94,Complete
DEV0001150,POL001013,PO00203,SUP010,SKU0061,STR012,2025-09-19,2025-09-29,2025-09-27,119,119,Complete
DEV0001151,POL001014,PO00203,SUP009,SKU0064,STR019,2025-09-19,2025-09-29,2025-09-29,103,103,Complete
DEV0001152,POL001015,PO00203,SUP003,SKU0067,STR002,2025-09-19,2025-09-29,2025-09-29,94,94,Complete
DEV0001153,POL001016,PO00204,SUP009,SKU0070,STR009,2025-09-19,2025-09-29,2025-09-28,138,138,Complete
DEV0001154,POL001017,PO00204,SUP008,SKU0073,STR016,2025-09-19,2025-09-29,2025-09-26,103,75,Complete
DEV0001155,POL001017,PO00204,SUP008,SKU0073,STR016,2025-09-19,2025-09-29,2025-09-27,103,28,Complete
DEV0001156,POL001018,PO00204,SUP002,SKU0076,STR023,2025-09-19,2025-09-29,2025-09-27,76,76,Complete
DEV0001157,POL001019,PO00204,SUP001,SKU0079,STR006,2025-09-19,2025-09-29,2025-09-29,31,31,Complete
DEV0001158,POL001020,PO00204,SUP007,SKU0082,STR013,2025-09-19,2025-09-29,2025-09-27,140,140,Complete
DEV0001159,POL001021,PO00205,SUP006,SKU0085,STR020,2025-09-19,2025-09-29,2025-09-29,87,87,Complete
DEV0001160,POL001022,PO00205,SUP012,SKU0088,STR003,2025-09-19,2025-09-29,2025-09-27,65,65,Complete
DEV0001161,POL001023,PO00205,SUP006,SKU0091,STR010,2025-09-19,2025-09-29,2025-09-27,51,29,Complete
DEV0001162,POL001023,PO00205,SUP006,SKU0091,STR010,2025-09-19,2025-09-29,2025-09-28,51,22,Complete
DEV0001163,POL001024,PO00205,SUP005,SKU0094,STR017,2025-09-19,2025-09-29,2025-09-27,70,70,Complete
DEV0001164,POL001025,PO00205,SUP006,SKU0003,STR024,2025-09-26,2025-10-06,2025-10-05,121,71,Complete
DEV0001165,POL001025,PO00205,SUP006,SKU0003,STR024,2025-09-26,2025-10-06,2025-10-06,121,50,Complete
DEV0001166,POL001026,PO00206,SUP012,SKU0006,STR007,2025-09-26,2025-10-06,2025-10-03,79,44,Complete
DEV0001167,POL001026,PO00206,SUP012,SKU0006,STR007,2025-09-26,2025-10-06,2025-10-04,79,35,Complete
DEV0001168,POL001027,PO00206,SUP011,SKU0009,STR014,2025-09-26,2025-10-06,2025-10-05,81,81,Complete
DEV0001169,POL001028,PO00206,SUP005,SKU0012,STR021,2025-09-26,2025-10-06,2025-10-05,131,131,Complete
DEV0001170,POL001029,PO00206,SUP004,SKU0015,STR004,2025-09-26,2025-10-06,2025-10-05,122,122,Complete
DEV0001171,POL001030,PO00206,SUP010,SKU0018,STR011,2025-09-26,2025-10-06,2025-10-03,126,88,Complete
DEV0001172,POL001030,PO00206,SUP010,SKU0018,STR011,2025-09-26,2025-10-06,2025-10-04,126,38,Complete
DEV0001173,POL001031,PO00207,SUP004,SKU0021,STR018,2025-09-26,2025-10-06,2025-10-04,45,45,Complete
DEV0001174,POL001032,PO00207,SUP003,SKU0024,STR001,2025-09-26,2025-10-06,2025-10-03,59,29,Complete
DEV0001175,POL001032,PO00207,SUP003,SKU0024,STR001,2025-09-26,2025-10-06,2025-10-04,59,30,Complete
DEV0001176,POL001033,PO00207,SUP009,SKU0027,STR008,2025-09-26,2025-10-06,2025-10-05,103,103,Complete
DEV0001177,POL001034,PO00207,SUP008,SKU0030,STR015,2025-09-26,2025-10-06,2025-10-10,84,84,Complete
DEV0001178,POL001035,PO00207,SUP002,SKU0033,STR022,2025-09-26,2025-10-06,2025-10-05,87,87,Complete
DEV0001179,POL001036,PO00208,SUP001,SKU0036,STR005,2025-09-26,2025-10-06,2025-10-05,92,58,Complete
DEV0001180,POL001036,PO00208,SUP001,SKU0036,STR005,2025-09-26,2025-10-06,2025-10-06,92,34,Complete
DEV0001181,POL001037,PO00208,SUP007,SKU0039,STR012,2025-09-26,2025-10-06,2025-10-04,83,53,Complete
DEV0001182,POL001037,PO00208,SUP007,SKU0039,STR012,2025-09-26,2025-10-06,2025-10-05,83,30,Complete
DEV0001183,POL001038,PO00208,SUP001,SKU0042,STR019,2025-09-26,2025-10-06,2025-10-05,80,61,Partially Received
DEV0001184,POL001039,PO00208,SUP012,SKU0045,STR002,2025-09-26,2025-10-06,2025-10-06,76,76,Complete
DEV0001185,POL001040,PO00208,SUP006,SKU0048,STR009,2025-09-26,2025-10-06,2025-10-06,47,47,Complete
DEV0001186,POL001041,PO00209,SUP005,SKU0051,STR016,2025-09-26,2025-10-06,2025-10-04,71,71,Complete
DEV0001187,POL001042,PO00209,SUP011,SKU0054,STR023,2025-09-26,2025-10-06,2025-10-06,46,46,Complete
DEV0001188,POL001043,PO00209,SUP010,SKU0057,STR006,2025-09-26,2025-10-06,2025-10-05,127,127,Complete
DEV0001189,POL001044,PO00209,SUP004,SKU0060,STR013,2025-09-26,2025-10-06,2025-10-06,97,97,Complete
DEV0001190,POL001045,PO00209,SUP010,SKU0063,STR020,2025-09-26,2025-10-06,2025-10-06,44,44,Complete
DEV0001191,POL001046,PO00210,SUP009,SKU0066,STR003,2025-09-26,2025-10-06,2025-10-06,121,121,Complete
DEV0001192,POL001047,PO00210,SUP003,SKU0069,STR010,2025-09-26,2025-10-06,2025-10-06,117,117,Complete
DEV0001193,POL001048,PO00210,SUP002,SKU0072,STR017,2025-09-26,2025-10-06,2025-10-04,92,92,Complete
DEV0001194,POL001049,PO00210,SUP008,SKU0075,STR024,2025-09-26,2025-10-06,2025-10-05,128,79,Complete
DEV0001195,POL001049,PO00210,SUP008,SKU0075,STR024,2025-09-26,2025-10-06,2025-10-06,128,49,Complete
DEV0001196,POL001050,PO00210,SUP007,SKU0078,STR007,2025-09-26,2025-10-06,2025-10-05,74,74,Complete
DEV0001197,POL001051,PO00211,SUP001,SKU0081,STR014,2025-09-26,2025-10-06,2025-10-05,90,90,Complete
DEV0001198,POL001052,PO00211,SUP007,SKU0084,STR021,2025-09-26,2025-10-06,2025-10-03,65,47,Complete
DEV0001199,POL001052,PO00211,SUP007,SKU0084,STR021,2025-09-26,2025-10-06,2025-10-04,65,18,Complete
DEV0001200,POL001053,PO00211,SUP006,SKU0087,STR004,2025-09-26,2025-10-06,2025-10-06,139,139,Complete
DEV0001201,POL001054,PO00211,SUP012,SKU0090,STR011,2025-09-26,2025-10-06,2025-10-04,118,62,Complete
DEV0001202,POL001054,PO00211,SUP012,SKU0090,STR011,2025-09-26,2025-10-06,2025-10-05,118,56,Complete
DEV0001203,POL001055,PO00211,SUP011,SKU0093,STR018,2025-09-26,2025-10-06,2025-10-06,111,111,Complete
DEV0001204,POL001056,PO00212,SUP005,SKU0096,STR001,2025-09-26,2025-10-06,2025-10-06,83,83,Complete
DEV0001205,POL001057,PO00212,SUP012,SKU0002,STR008,2025-10-03,2025-10-13,2025-10-15,93,93,Complete
DEV0001206,POL001058,PO00212,SUP006,SKU0005,STR015,2025-10-03,2025-10-13,2025-10-13,29,29,Complete
DEV0001207,POL001059,PO00212,SUP005,SKU0008,STR022,2025-10-03,2025-10-13,2025-10-12,55,55,Complete
DEV0001208,POL001060,PO00212,SUP011,SKU0011,STR005,2025-10-03,2025-10-13,2025-10-13,75,75,Complete
DEV0001209,POL001061,PO00213,SUP005,SKU0014,STR012,2025-10-03,2025-10-13,2025-10-12,99,99,Complete
DEV0001210,POL001062,PO00213,SUP004,SKU0017,STR019,2025-10-03,2025-10-13,2025-10-11,88,44,Complete
DEV0001211,POL001062,PO00213,SUP004,SKU0017,STR019,2025-10-03,2025-10-13,2025-10-12,88,44,Complete
DEV0001212,POL001063,PO00213,SUP010,SKU0020,STR002,2025-10-03,2025-10-13,2025-10-12,51,48,Partially Received
DEV0001213,POL001064,PO00213,SUP009,SKU0023,STR009,2025-10-03,2025-10-13,2025-10-11,126,126,Complete
DEV0001214,POL001065,PO00213,SUP003,SKU0026,STR016,2025-10-03,2025-10-13,2025-10-12,105,105,Complete
DEV0001215,POL001066,PO00214,SUP002,SKU0029,STR023,2025-10-03,2025-10-13,2025-10-13,52,52,Complete
DEV0001216,POL001067,PO00214,SUP008,SKU0032,STR006,2025-10-03,2025-10-13,2025-10-13,39,39,Complete
DEV0001217,POL001068,PO00214,SUP002,SKU0035,STR013,2025-10-03,2025-10-13,2025-10-12,84,51,Complete
DEV0001218,POL001068,PO00214,SUP002,SKU0035,STR013,2025-10-03,2025-10-13,2025-10-13,84,33,Complete
DEV0001219,POL001069,PO00214,SUP001,SKU0038,STR020,2025-10-03,2025-10-13,2025-10-11,43,43,Complete
DEV0001220,POL001070,PO00214,SUP007,SKU0041,STR003,2025-10-03,2025-10-13,2025-10-11,140,140,Complete
DEV0001221,POL001071,PO00215,SUP006,SKU0044,STR010,2025-10-03,2025-10-13,2025-10-12,33,33,Complete
DEV0001222,POL001072,PO00215,SUP012,SKU0047,STR017,2025-10-03,2025-10-13,2025-10-11,111,54,Complete
DEV0001223,POL001072,PO00215,SUP012,SKU0047,STR017,2025-10-03,2025-10-13,2025-10-12,111,57,Complete
DEV0001224,POL001073,PO00215,SUP011,SKU0050,STR024,2025-10-03,2025-10-13,2025-10-11,64,64,Complete
DEV0001225,POL001074,PO00215,SUP005,SKU0053,STR007,2025-10-03,2025-10-13,2025-10-13,47,47,Complete
DEV0001226,POL001075,PO00215,SUP011,SKU0056,STR014,2025-10-03,2025-10-13,2025-10-11,37,31,Partially Received
DEV0001227,POL001076,PO00216,SUP010,SKU0059,STR021,2025-10-03,2025-10-13,2025-10-12,119,107,Partially Received
DEV0001228,POL001077,PO00216,SUP004,SKU0062,STR004,2025-10-03,2025-10-13,2025-10-12,73,73,Complete
DEV0001229,POL001078,PO00216,SUP003,SKU0065,STR011,2025-10-03,2025-10-13,2025-10-12,104,104,Complete
DEV0001230,POL001079,PO00216,SUP009,SKU0068,STR018,2025-10-03,2025-10-13,2025-10-13,122,122,Complete
DEV0001231,POL001080,PO00216,SUP008,SKU0071,STR001,2025-10-03,2025-10-13,2025-10-11,26,26,Complete
DEV0001232,POL001081,PO00217,SUP002,SKU0074,STR008,2025-10-03,2025-10-13,2025-10-18,90,90,Complete
DEV0001233,POL001082,PO00217,SUP008,SKU0077,STR015,2025-10-03,2025-10-13,2025-10-11,103,103,Complete
DEV0001234,POL001083,PO00217,SUP007,SKU0080,STR022,2025-10-03,2025-10-13,2025-10-12,94,94,Complete
DEV0001235,POL001084,PO00217,SUP001,SKU0083,STR005,2025-10-03,2025-10-13,2025-10-11,52,52,Complete
DEV0001236,POL001085,PO00217,SUP012,SKU0086,STR012,2025-10-03,2025-10-13,2025-10-11,31,31,Complete
DEV0001237,POL001086,PO00218,SUP006,SKU0089,STR019,2025-10-03,2025-10-13,2025-10-12,135,135,Complete
DEV0001238,POL001087,PO00218,SUP005,SKU0092,STR002,2025-10-03,2025-10-13,2025-10-11,58,58,Complete
DEV0001239,POL001088,PO00218,SUP011,SKU0095,STR009,2025-10-03,2025-10-13,2025-10-13,108,108,Complete
DEV0001240,POL001089,PO00218,SUP006,SKU0001,STR016,2025-10-10,2025-10-20,2025-10-18,54,54,Complete
DEV0001241,POL001090,PO00218,SUP012,SKU0004,STR023,2025-10-10,2025-10-20,2025-10-19,88,88,Complete
DEV0001242,POL001091,PO00219,SUP006,SKU0007,STR006,2025-10-10,2025-10-20,2025-10-19,129,129,Complete
DEV0001243,POL001092,PO00219,SUP005,SKU0010,STR013,2025-10-10,2025-10-20,2025-10-19,114,114,Complete
DEV0001244,POL001093,PO00219,SUP011,SKU0013,STR020,2025-10-10,2025-10-20,2025-10-19,78,78,Complete
DEV0001245,POL001094,PO00219,SUP010,SKU0016,STR003,2025-10-10,2025-10-20,2025-10-18,107,107,Complete
DEV0001246,POL001095,PO00219,SUP004,SKU0019,STR010,2025-10-10,2025-10-20,2025-10-19,78,78,Complete
DEV0001247,POL001096,PO00220,SUP003,SKU0022,STR017,2025-10-10,2025-10-20,2025-10-19,91,91,Complete
DEV0001248,POL001097,PO00220,SUP009,SKU0025,STR024,2025-10-10,2025-10-20,2025-10-25,48,44,Partially Received
DEV0001249,POL001098,PO00220,SUP003,SKU0028,STR007,2025-10-10,2025-10-20,2025-10-18,78,78,Complete
DEV0001250,POL001099,PO00220,SUP002,SKU0031,STR014,2025-10-10,2025-10-20,2025-10-18,71,71,Complete
DEV0001251,POL001100,PO00220,SUP008,SKU0034,STR021,2025-10-10,2025-10-20,2025-10-18,74,74,Complete
DEV0001252,POL001101,PO00221,SUP007,SKU0037,STR004,2025-10-10,2025-10-20,2025-10-20,86,86,Complete
DEV0001253,POL001102,PO00221,SUP001,SKU0040,STR011,2025-10-10,2025-10-20,2025-10-18,56,42,Complete
DEV0001254,POL001102,PO00221,SUP001,SKU0040,STR011,2025-10-10,2025-10-20,2025-10-19,56,14,Complete
DEV0001255,POL001103,PO00221,SUP012,SKU0043,STR018,2025-10-10,2025-10-20,2025-10-18,94,94,Complete
DEV0001256,POL001104,PO00221,SUP006,SKU0046,STR001,2025-10-10,2025-10-20,2025-10-23,96,96,Complete
DEV0001257,POL001105,PO00221,SUP012,SKU0049,STR008,2025-10-10,2025-10-20,2025-10-19,52,52,Complete
DEV0001258,POL001106,PO00222,SUP011,SKU0052,STR015,2025-10-10,2025-10-20,2025-10-20,122,122,Complete
DEV0001259,POL001107,PO00222,SUP005,SKU0055,STR022,2025-10-10,2025-10-20,2025-10-18,134,88,Complete
DEV0001260,POL001107,PO00222,SUP005,SKU0055,STR022,2025-10-10,2025-10-20,2025-10-19,134,46,Complete
DEV0001261,POL001108,PO00222,SUP004,SKU0058,STR005,2025-10-10,2025-10-20,2025-10-19,87,87,Complete
DEV0001262,POL001109,PO00222,SUP010,SKU0061,STR012,2025-10-10,2025-10-20,2025-10-19,78,78,Complete
DEV0001263,POL001110,PO00222,SUP009,SKU0064,STR019,2025-10-10,2025-10-20,2025-10-19,66,66,Complete
DEV0001264,POL001111,PO00223,SUP003,SKU0067,STR002,2025-10-10,2025-10-20,2025-10-22,84,84,Complete
DEV0001265,POL001112,PO00223,SUP009,SKU0070,STR009,2025-10-10,2025-10-20,2025-10-20,29,29,Complete
DEV0001266,POL001113,PO00223,SUP008,SKU0073,STR016,2025-10-10,2025-10-20,2025-10-20,36,36,Complete
DEV0001267,POL001114,PO00223,SUP002,SKU0076,STR023,2025-10-10,2025-10-20,2025-10-18,93,69,Complete
DEV0001268,POL001114,PO00223,SUP002,SKU0076,STR023,2025-10-10,2025-10-20,2025-10-19,93,24,Complete
DEV0001269,POL001115,PO00223,SUP001,SKU0079,STR006,2025-10-10,2025-10-20,2025-10-20,51,51,Complete
DEV0001270,POL001116,PO00224,SUP007,SKU0082,STR013,2025-10-10,2025-10-20,2025-10-18,77,45,Complete
DEV0001271,POL001116,PO00224,SUP007,SKU0082,STR013,2025-10-10,2025-10-20,2025-10-19,77,32,Complete
DEV0001272,POL001117,PO00224,SUP006,SKU0085,STR020,2025-10-10,2025-10-20,2025-10-19,66,66,Complete
DEV0001273,POL001118,PO00224,SUP012,SKU0088,STR003,2025-10-10,2025-10-20,2025-10-20,74,74,Complete
DEV0001274,POL001119,PO00224,SUP006,SKU0091,STR010,2025-10-10,2025-10-20,2025-10-18,48,48,Complete
DEV0001275,POL001120,PO00224,SUP005,SKU0094,STR017,2025-10-10,2025-10-20,2025-10-18,114,114,Complete
DEV0001276,POL001121,PO00225,SUP006,SKU0003,STR024,2025-10-17,2025-10-27,2025-10-27,73,73,Complete
DEV0001277,POL001122,PO00225,SUP012,SKU0006,STR007,2025-10-17,2025-10-27,2025-10-27,76,76,Complete
DEV0001278,POL001123,PO00225,SUP011,SKU0009,STR014,2025-10-17,2025-10-27,2025-10-26,82,82,Complete
DEV0001279,POL001124,PO00225,SUP005,SKU0012,STR021,2025-10-17,2025-10-27,2025-10-26,127,79,Complete
DEV0001280,POL001124,PO00225,SUP005,SKU0012,STR021,2025-10-17,2025-10-27,2025-10-27,127,48,Complete
DEV0001281,POL001125,PO00225,SUP004,SKU0015,STR004,2025-10-17,2025-10-27,2025-10-26,85,85,Complete
DEV0001282,POL001126,PO00226,SUP010,SKU0018,STR011,2025-10-17,2025-10-27,2025-10-29,90,90,Complete
DEV0001283,POL001127,PO00226,SUP004,SKU0021,STR018,2025-10-17,2025-10-27,2025-10-26,95,95,Complete
DEV0001284,POL001128,PO00226,SUP003,SKU0024,STR001,2025-10-17,2025-10-27,2025-10-27,68,68,Complete
DEV0001285,POL001129,PO00226,SUP009,SKU0027,STR008,2025-10-17,2025-10-27,2025-10-25,50,50,Complete
DEV0001286,POL001130,PO00226,SUP008,SKU0030,STR015,2025-10-17,2025-10-27,2025-10-27,108,108,Complete
DEV0001287,POL001131,PO00227,SUP002,SKU0033,STR022,2025-10-17,2025-10-27,2025-10-27,85,85,Complete
DEV0001288,POL001132,PO00227,SUP001,SKU0036,STR005,2025-10-17,2025-10-27,2025-10-25,72,72,Complete
DEV0001289,POL001133,PO00227,SUP007,SKU0039,STR012,2025-10-17,2025-10-27,2025-10-25,81,81,Complete
DEV0001290,POL001134,PO00227,SUP001,SKU0042,STR019,2025-10-17,2025-10-27,2025-10-25,123,123,Complete
DEV0001291,POL001135,PO00227,SUP012,SKU0045,STR002,2025-10-17,2025-10-27,2025-10-25,55,55,Complete
DEV0001292,POL001136,PO00228,SUP006,SKU0048,STR009,2025-10-17,2025-10-27,2025-10-27,73,61,Partially Received
DEV0001293,POL001137,PO00228,SUP005,SKU0051,STR016,2025-10-17,2025-10-27,2025-10-26,108,108,Complete
DEV0001294,POL001138,PO00228,SUP011,SKU0054,STR023,2025-10-17,2025-10-27,2025-10-26,108,108,Complete
DEV0001295,POL001139,PO00228,SUP010,SKU0057,STR006,2025-10-17,2025-10-27,2025-10-25,113,84,Partially Received
DEV0001296,POL001140,PO00228,SUP004,SKU0060,STR013,2025-10-17,2025-10-27,2025-10-26,79,79,Complete
DEV0001297,POL001141,PO00229,SUP010,SKU0063,STR020,2025-10-17,2025-10-27,2025-10-25,65,65,Complete
DEV0001298,POL001142,PO00229,SUP009,SKU0066,STR003,2025-10-17,2025-10-27,2025-10-27,61,61,Complete
DEV0001299,POL001143,PO00229,SUP003,SKU0069,STR010,2025-10-17,2025-10-27,2025-10-25,66,33,Complete
DEV0001300,POL001143,PO00229,SUP003,SKU0069,STR010,2025-10-17,2025-10-27,2025-10-26,66,33,Complete
DEV0001301,POL001144,PO00229,SUP002,SKU0072,STR017,2025-10-17,2025-10-27,2025-10-27,116,116,Complete
DEV0001302,POL001145,PO00229,SUP008,SKU0075,STR024,2025-10-17,2025-10-27,2025-10-26,30,30,Complete
DEV0001303,POL001146,PO00230,SUP007,SKU0078,STR007,2025-10-17,2025-10-27,2025-10-25,97,91,Partially Received
DEV0001304,POL001147,PO00230,SUP001,SKU0081,STR014,2025-10-17,2025-10-27,2025-10-27,84,84,Complete
DEV0001305,POL001148,PO00230,SUP007,SKU0084,STR021,2025-10-17,2025-10-27,2025-10-25,31,31,Complete
DEV0001306,POL001149,PO00230,SUP006,SKU0087,STR004,2025-10-17,2025-10-27,2025-10-25,25,25,Complete
DEV0001307,POL001150,PO00230,SUP012,SKU0090,STR011,2025-10-17,2025-10-27,2025-10-26,72,63,Partially Received
DEV0001308,POL001151,PO00231,SUP011,SKU0093,STR018,2025-10-17,2025-10-27,2025-10-27,77,77,Complete
DEV0001309,POL001152,PO00231,SUP005,SKU0096,STR001,2025-10-17,2025-10-27,2025-10-26,62,62,Complete
DEV0001310,POL001153,PO00231,SUP012,SKU0002,STR008,2025-10-24,2025-11-03,2025-11-01,28,28,Complete
DEV0001311,POL001154,PO00231,SUP006,SKU0005,STR015,2025-10-24,2025-11-03,2025-11-02,100,100,Complete
DEV0001312,POL001155,PO00231,SUP005,SKU0008,STR022,2025-10-24,2025-11-03,2025-11-02,109,109,Complete
DEV0001313,POL001156,PO00232,SUP011,SKU0011,STR005,2025-10-24,2025-11-03,2025-10-31,127,80,Complete
DEV0001314,POL001156,PO00232,SUP011,SKU0011,STR005,2025-10-24,2025-11-03,2025-11-01,127,47,Complete
DEV0001315,POL001157,PO00232,SUP005,SKU0014,STR012,2025-10-24,2025-11-03,2025-11-01,102,57,Complete
DEV0001316,POL001157,PO00232,SUP005,SKU0014,STR012,2025-10-24,2025-11-03,2025-11-02,102,45,Complete
DEV0001317,POL001158,PO00232,SUP004,SKU0017,STR019,2025-10-24,2025-11-03,2025-11-01,56,56,Complete
DEV0001318,POL001159,PO00232,SUP010,SKU0020,STR002,2025-10-24,2025-11-03,2025-11-03,95,95,Complete
DEV0001319,POL001160,PO00232,SUP009,SKU0023,STR009,2025-10-24,2025-11-03,2025-11-02,72,72,Complete
DEV0001320,POL001161,PO00233,SUP003,SKU0026,STR016,2025-10-24,2025-11-03,2025-11-02,101,101,Complete
DEV0001321,POL001162,PO00233,SUP002,SKU0029,STR023,2025-10-24,2025-11-03,2025-11-03,24,24,Complete
DEV0001322,POL001163,PO00233,SUP008,SKU0032,STR006,2025-10-24,2025-11-03,2025-11-02,87,87,Complete
DEV0001323,POL001164,PO00233,SUP002,SKU0035,STR013,2025-10-24,2025-11-03,2025-10-31,91,44,Complete
DEV0001324,POL001164,PO00233,SUP002,SKU0035,STR013,2025-10-24,2025-11-03,2025-11-01,91,47,Complete
DEV0001325,POL001165,PO00233,SUP001,SKU0038,STR020,2025-10-24,2025-11-03,2025-11-01,32,32,Complete
DEV0001326,POL001166,PO00234,SUP007,SKU0041,STR003,2025-10-24,2025-11-03,2025-11-01,114,114,Complete
DEV0001327,POL001167,PO00234,SUP006,SKU0044,STR010,2025-10-24,2025-11-03,2025-11-03,124,124,Complete
DEV0001328,POL001168,PO00234,SUP012,SKU0047,STR017,2025-10-24,2025-11-03,2025-11-03,121,111,Partially Received
DEV0001329,POL001169,PO00234,SUP011,SKU0050,STR024,2025-10-24,2025-11-03,2025-11-01,110,110,Complete
DEV0001330,POL001170,PO00234,SUP005,SKU0053,STR007,2025-10-24,2025-11-03,2025-11-03,113,113,Complete
DEV0001331,POL001171,PO00235,SUP011,SKU0056,STR014,2025-10-24,2025-11-03,2025-11-01,45,45,Complete
DEV0001332,POL001172,PO00235,SUP010,SKU0059,STR021,2025-10-24,2025-11-03,2025-11-02,83,83,Complete
DEV0001333,POL001173,PO00235,SUP004,SKU0062,STR004,2025-10-24,2025-11-03,2025-11-01,100,52,Complete
DEV0001334,POL001173,PO00235,SUP004,SKU0062,STR004,2025-10-24,2025-11-03,2025-11-02,100,48,Complete
DEV0001335,POL001174,PO00235,SUP003,SKU0065,STR011,2025-10-24,2025-11-03,2025-11-01,53,33,Complete
DEV0001336,POL001174,PO00235,SUP003,SKU0065,STR011,2025-10-24,2025-11-03,2025-11-02,53,20,Complete
DEV0001337,POL001175,PO00235,SUP009,SKU0068,STR018,2025-10-24,2025-11-03,2025-11-02,73,61,Partially Received
DEV0001338,POL001176,PO00236,SUP008,SKU0071,STR001,2025-10-24,2025-11-03,2025-10-31,139,75,Complete
DEV0001339,POL001176,PO00236,SUP008,SKU0071,STR001,2025-10-24,2025-11-03,2025-11-01,139,64,Complete
DEV0001340,POL001177,PO00236,SUP002,SKU0074,STR008,2025-10-24,2025-11-03,2025-11-03,48,48,Complete
DEV0001341,POL001178,PO00236,SUP008,SKU0077,STR015,2025-10-24,2025-11-03,2025-10-31,104,49,Complete
DEV0001342,POL001178,PO00236,SUP008,SKU0077,STR015,2025-10-24,2025-11-03,2025-11-01,104,55,Complete
DEV0001343,POL001179,PO00236,SUP007,SKU0080,STR022,2025-10-24,2025-11-03,2025-11-01,82,82,Complete
DEV0001344,POL001180,PO00236,SUP001,SKU0083,STR005,2025-10-24,2025-11-03,2025-11-01,123,75,Complete
DEV0001345,POL001180,PO00236,SUP001,SKU0083,STR005,2025-10-24,2025-11-03,2025-11-02,123,48,Complete
DEV0001346,POL001181,PO00237,SUP012,SKU0086,STR012,2025-10-24,2025-11-03,2025-11-02,129,129,Complete
DEV0001347,POL001182,PO00237,SUP006,SKU0089,STR019,2025-10-24,2025-11-03,2025-11-02,108,108,Complete
DEV0001348,POL001183,PO00237,SUP005,SKU0092,STR002,2025-10-24,2025-11-03,2025-11-02,64,64,Complete
DEV0001349,POL001184,PO00237,SUP011,SKU0095,STR009,2025-10-24,2025-11-03,2025-11-02,73,73,Complete
DEV0001350,POL001185,PO00237,SUP006,SKU0001,STR016,2025-10-31,2025-11-10,2025-11-09,52,52,Complete
DEV0001351,POL001186,PO00238,SUP012,SKU0004,STR023,2025-10-31,2025-11-10,2025-11-08,39,39,Complete
DEV0001352,POL001187,PO00238,SUP006,SKU0007,STR006,2025-10-31,2025-11-10,2025-11-09,80,80,Complete
DEV0001353,POL001188,PO00238,SUP005,SKU0010,STR013,2025-10-31,2025-11-10,2025-11-08,89,55,Complete
DEV0001354,POL001188,PO00238,SUP005,SKU0010,STR013,2025-10-31,2025-11-10,2025-11-09,89,34,Complete
DEV0001355,POL001189,PO00238,SUP011,SKU0013,STR020,2025-10-31,2025-11-10,2025-11-15,118,118,Complete
DEV0001356,POL001190,PO00238,SUP010,SKU0016,STR003,2025-10-31,2025-11-10,2025-11-08,36,36,Complete
DEV0001357,POL001191,PO00239,SUP004,SKU0019,STR010,2025-10-31,2025-11-10,2025-11-10,61,61,Complete
DEV0001358,POL001192,PO00239,SUP003,SKU0022,STR017,2025-10-31,2025-11-10,2025-11-08,120,120,Complete
DEV0001359,POL001193,PO00239,SUP009,SKU0025,STR024,2025-10-31,2025-11-10,2025-11-08,28,28,Complete
DEV0001360,POL001194,PO00239,SUP003,SKU0028,STR007,2025-10-31,2025-11-10,2025-11-10,29,29,Complete
DEV0001361,POL001195,PO00239,SUP002,SKU0031,STR014,2025-10-31,2025-11-10,2025-11-09,45,45,Complete
DEV0001362,POL001196,PO00240,SUP008,SKU0034,STR021,2025-10-31,2025-11-10,2025-11-08,111,111,Complete
DEV0001363,POL001197,PO00240,SUP007,SKU0037,STR004,2025-10-31,2025-11-10,2025-11-10,95,95,Complete
DEV0001364,POL001198,PO00240,SUP001,SKU0040,STR011,2025-10-31,2025-11-10,2025-11-08,59,59,Complete
DEV0001365,POL001199,PO00240,SUP012,SKU0043,STR018,2025-10-31,2025-11-10,2025-11-08,58,35,Complete
DEV0001366,POL001199,PO00240,SUP012,SKU0043,STR018,2025-10-31,2025-11-10,2025-11-09,58,23,Complete
DEV0001367,POL001200,PO00240,SUP006,SKU0046,STR001,2025-10-31,2025-11-10,2025-11-09,91,91,Complete
DEV0001368,POL001201,PO00241,SUP012,SKU0049,STR008,2025-10-31,2025-11-10,2025-11-09,102,102,Complete
DEV0001369,POL001202,PO00241,SUP011,SKU0052,STR015,2025-10-31,2025-11-10,2025-11-08,100,100,Complete
DEV0001370,POL001203,PO00241,SUP005,SKU0055,STR022,2025-10-31,2025-11-10,2025-11-10,37,37,Complete
DEV0001371,POL001204,PO00241,SUP004,SKU0058,STR005,2025-10-31,2025-11-10,2025-11-09,93,93,Complete
DEV0001372,POL001205,PO00241,SUP010,SKU0061,STR012,2025-10-31,2025-11-10,2025-11-10,49,49,Complete
DEV0001373,POL001206,PO00242,SUP009,SKU0064,STR019,2025-10-31,2025-11-10,2025-11-08,72,72,Complete
DEV0001374,POL001207,PO00242,SUP003,SKU0067,STR002,2025-10-31,2025-11-10,2025-11-10,38,38,Complete
DEV0001375,POL001208,PO00242,SUP009,SKU0070,STR009,2025-10-31,2025-11-10,2025-11-08,66,66,Complete
DEV0001376,POL001209,PO00242,SUP008,SKU0073,STR016,2025-10-31,2025-11-10,2025-11-10,136,107,Partially Received
DEV0001377,POL001210,PO00242,SUP002,SKU0076,STR023,2025-10-31,2025-11-10,2025-11-10,70,70,Complete
DEV0001378,POL001211,PO00243,SUP001,SKU0079,STR006,2025-10-31,2025-11-10,2025-11-08,56,40,Complete
DEV0001379,POL001211,PO00243,SUP001,SKU0079,STR006,2025-10-31,2025-11-10,2025-11-09,56,16,Complete
DEV0001380,POL001212,PO00243,SUP007,SKU0082,STR013,2025-10-31,2025-11-10,2025-11-11,81,81,Complete
DEV0001381,POL001213,PO00243,SUP006,SKU0085,STR020,2025-10-31,2025-11-10,2025-11-08,130,130,Complete
DEV0001382,POL001214,PO00243,SUP012,SKU0088,STR003,2025-10-31,2025-11-10,2025-11-08,71,71,Complete
DEV0001383,POL001215,PO00243,SUP006,SKU0091,STR010,2025-10-31,2025-11-10,2025-11-13,130,130,Complete
DEV0001384,POL001216,PO00244,SUP005,SKU0094,STR017,2025-10-31,2025-11-10,2025-11-09,105,105,Complete
DEV0001385,POL001217,PO00244,SUP006,SKU0003,STR024,2025-11-07,2025-11-17,2025-11-15,39,39,Complete
DEV0001386,POL001218,PO00244,SUP012,SKU0006,STR007,2025-11-07,2025-11-17,2025-11-15,128,128,Complete
DEV0001387,POL001219,PO00244,SUP011,SKU0009,STR014,2025-11-07,2025-11-17,2025-11-16,83,58,Complete
DEV0001388,POL001219,PO00244,SUP011,SKU0009,STR014,2025-11-07,2025-11-17,2025-11-17,83,25,Complete
DEV0001389,POL001220,PO00244,SUP005,SKU0012,STR021,2025-11-07,2025-11-17,2025-11-17,76,76,Complete
DEV0001390,POL001221,PO00245,SUP004,SKU0015,STR004,2025-11-07,2025-11-17,2025-11-15,133,133,Complete
DEV0001391,POL001222,PO00245,SUP010,SKU0018,STR011,2025-11-07,2025-11-17,2025-11-17,96,96,Complete
DEV0001392,POL001223,PO00245,SUP004,SKU0021,STR018,2025-11-07,2025-11-17,2025-11-17,107,107,Complete
DEV0001393,POL001224,PO00245,SUP003,SKU0024,STR001,2025-11-07,2025-11-17,2025-11-15,103,103,Complete
DEV0001394,POL001225,PO00245,SUP009,SKU0027,STR008,2025-11-07,2025-11-17,2025-11-15,78,48,Complete
DEV0001395,POL001225,PO00245,SUP009,SKU0027,STR008,2025-11-07,2025-11-17,2025-11-16,78,30,Complete
DEV0001396,POL001226,PO00246,SUP008,SKU0030,STR015,2025-11-07,2025-11-17,2025-11-17,55,55,Complete
DEV0001397,POL001227,PO00246,SUP002,SKU0033,STR022,2025-11-07,2025-11-17,2025-11-17,123,123,Complete
DEV0001398,POL001228,PO00246,SUP001,SKU0036,STR005,2025-11-07,2025-11-17,2025-11-15,65,65,Complete
DEV0001399,POL001229,PO00246,SUP007,SKU0039,STR012,2025-11-07,2025-11-17,2025-11-15,71,71,Complete
DEV0001400,POL001230,PO00246,SUP001,SKU0042,STR019,2025-11-07,2025-11-17,2025-11-15,57,57,Complete
DEV0001401,POL001231,PO00247,SUP012,SKU0045,STR002,2025-11-07,2025-11-17,2025-11-17,100,100,Complete
DEV0001402,POL001232,PO00247,SUP006,SKU0048,STR009,2025-11-07,2025-11-17,2025-11-15,86,86,Complete
DEV0001403,POL001233,PO00247,SUP005,SKU0051,STR016,2025-11-07,2025-11-17,2025-11-16,96,96,Complete
DEV0001404,POL001234,PO00247,SUP011,SKU0054,STR023,2025-11-07,2025-11-17,2025-11-15,128,128,Complete
DEV0001405,POL001235,PO00247,SUP010,SKU0057,STR006,2025-11-07,2025-11-17,2025-11-15,130,130,Complete
DEV0001406,POL001236,PO00248,SUP004,SKU0060,STR013,2025-11-07,2025-11-17,2025-11-15,132,132,Complete
DEV0001407,POL001237,PO00248,SUP010,SKU0063,STR020,2025-11-07,2025-11-17,2025-11-17,60,60,Complete
DEV0001408,POL001238,PO00248,SUP009,SKU0066,STR003,2025-11-07,2025-11-17,2025-11-17,37,37,Complete
DEV0001409,POL001239,PO00248,SUP003,SKU0069,STR010,2025-11-07,2025-11-17,2025-11-17,120,120,Complete
DEV0001410,POL001240,PO00248,SUP002,SKU0072,STR017,2025-11-07,2025-11-17,2025-11-15,117,117,Complete
DEV0001411,POL001241,PO00249,SUP008,SKU0075,STR024,2025-11-07,2025-11-17,2025-11-17,60,60,Complete
DEV0001412,POL001242,PO00249,SUP007,SKU0078,STR007,2025-11-07,2025-11-17,2025-11-17,63,63,Complete
DEV0001413,POL001243,PO00249,SUP001,SKU0081,STR014,2025-11-07,2025-11-17,2025-11-22,104,104,Complete
DEV0001414,POL001244,PO00249,SUP007,SKU0084,STR021,2025-11-07,2025-11-17,2025-11-17,47,47,Complete
DEV0001415,POL001245,PO00249,SUP006,SKU0087,STR004,2025-11-07,2025-11-17,2025-11-16,60,60,Complete
DEV0001416,POL001246,PO00250,SUP012,SKU0090,STR011,2025-11-07,2025-11-17,2025-11-17,28,28,Complete
DEV0001417,POL001247,PO00250,SUP011,SKU0093,STR018,2025-11-07,2025-11-17,2025-11-14,136,85,Complete
DEV0001418,POL001247,PO00250,SUP011,SKU0093,STR018,2025-11-07,2025-11-17,2025-11-15,136,51,Complete
DEV0001419,POL001248,PO00250,SUP005,SKU0096,STR001,2025-11-07,2025-11-17,2025-11-15,95,95,Complete
DEV0001420,POL001249,PO00250,SUP012,SKU0002,STR008,2025-11-14,2025-11-24,2025-11-24,65,65,Complete
DEV0001421,POL001250,PO00250,SUP006,SKU0005,STR015,2025-11-14,2025-11-24,2025-11-23,37,37,Complete
DEV0001422,POL001251,PO00251,SUP005,SKU0008,STR022,2025-11-14,2025-11-24,2025-11-22,96,96,Complete
DEV0001423,POL001252,PO00251,SUP011,SKU0011,STR005,2025-11-14,2025-11-24,2025-11-24,133,96,Partially Received
DEV0001424,POL001253,PO00251,SUP005,SKU0014,STR012,2025-11-14,2025-11-24,2025-11-24,52,52,Complete
DEV0001425,POL001254,PO00251,SUP004,SKU0017,STR019,2025-11-14,2025-11-24,2025-11-23,88,88,Complete
DEV0001426,POL001255,PO00251,SUP010,SKU0020,STR002,2025-11-14,2025-11-24,2025-11-23,80,80,Complete
DEV0001427,POL001256,PO00252,SUP009,SKU0023,STR009,2025-11-14,2025-11-24,2025-11-23,56,56,Complete
DEV0001428,POL001257,PO00252,SUP003,SKU0026,STR016,2025-11-14,2025-11-24,2025-11-22,117,64,Complete
DEV0001429,POL001257,PO00252,SUP003,SKU0026,STR016,2025-11-14,2025-11-24,2025-11-23,117,53,Complete
DEV0001430,POL001258,PO00252,SUP002,SKU0029,STR023,2025-11-14,2025-11-24,2025-11-27,110,110,Complete
DEV0001431,POL001259,PO00252,SUP008,SKU0032,STR006,2025-11-14,2025-11-24,2025-11-23,44,44,Complete
DEV0001432,POL001260,PO00252,SUP002,SKU0035,STR013,2025-11-14,2025-11-24,2025-11-24,80,80,Complete
DEV0001433,POL001261,PO00253,SUP001,SKU0038,STR020,2025-11-14,2025-11-24,2025-11-24,83,83,Complete
DEV0001434,POL001262,PO00253,SUP007,SKU0041,STR003,2025-11-14,2025-11-24,2025-11-24,64,55,Partially Received
DEV0001435,POL001263,PO00253,SUP006,SKU0044,STR010,2025-11-14,2025-11-24,2025-11-23,90,90,Complete
DEV0001436,POL001264,PO00253,SUP012,SKU0047,STR017,2025-11-14,2025-11-24,2025-11-22,31,31,Complete
DEV0001437,POL001265,PO00253,SUP011,SKU0050,STR024,2025-11-14,2025-11-24,2025-11-22,100,100,Complete
DEV0001438,POL001266,PO00254,SUP005,SKU0053,STR007,2025-11-14,2025-11-24,2025-11-23,95,95,Complete
DEV0001439,POL001267,PO00254,SUP011,SKU0056,STR014,2025-11-14,2025-11-24,2025-11-22,43,43,Complete
DEV0001440,POL001268,PO00254,SUP010,SKU0059,STR021,2025-11-14,2025-11-24,2025-11-26,42,42,Complete
DEV0001441,POL001269,PO00254,SUP004,SKU0062,STR004,2025-11-14,2025-11-24,2025-11-24,116,73,Complete
DEV0001442,POL001269,PO00254,SUP004,SKU0062,STR004,2025-11-14,2025-11-24,2025-11-25,116,43,Complete
DEV0001443,POL001270,PO00254,SUP003,SKU0065,STR011,2025-11-14,2025-11-24,2025-11-24,135,135,Complete
DEV0001444,POL001271,PO00255,SUP009,SKU0068,STR018,2025-11-14,2025-11-24,2025-11-23,118,118,Complete
DEV0001445,POL001272,PO00255,SUP008,SKU0071,STR001,2025-11-14,2025-11-24,2025-11-24,118,118,Complete
DEV0001446,POL001273,PO00255,SUP002,SKU0074,STR008,2025-11-14,2025-11-24,2025-11-23,64,64,Complete
DEV0001447,POL001274,PO00255,SUP008,SKU0077,STR015,2025-11-14,2025-11-24,2025-11-29,24,24,Complete
DEV0001448,POL001275,PO00255,SUP007,SKU0080,STR022,2025-11-14,2025-11-24,2025-11-22,94,84,Partially Received
DEV0001449,POL001276,PO00256,SUP001,SKU0083,STR005,2025-11-14,2025-11-24,2025-11-22,27,27,Complete
DEV0001450,POL001277,PO00256,SUP012,SKU0086,STR012,2025-11-14,2025-11-24,2025-11-22,119,119,Complete
DEV0001451,POL001278,PO00256,SUP006,SKU0089,STR019,2025-11-14,2025-11-24,2025-11-23,97,97,Complete
DEV0001452,POL001279,PO00256,SUP005,SKU0092,STR002,2025-11-14,2025-11-24,2025-11-21,100,50,Complete
DEV0001453,POL001279,PO00256,SUP005,SKU0092,STR002,2025-11-14,2025-11-24,2025-11-22,100,50,Complete
DEV0001454,POL001280,PO00256,SUP011,SKU0095,STR009,2025-11-14,2025-11-24,2025-11-22,61,61,Complete
DEV0001455,POL001281,PO00257,SUP006,SKU0001,STR016,2025-11-21,2025-12-01,2025-11-30,43,43,Complete
DEV0001456,POL001282,PO00257,SUP012,SKU0004,STR023,2025-11-21,2025-12-01,2025-11-30,31,31,Complete
DEV0001457,POL001283,PO00257,SUP006,SKU0007,STR006,2025-11-21,2025-12-01,2025-11-29,44,44,Complete
DEV0001458,POL001284,PO00257,SUP005,SKU0010,STR013,2025-11-21,2025-12-01,2025-12-04,64,64,Complete
DEV0001459,POL001285,PO00257,SUP011,SKU0013,STR020,2025-11-21,2025-12-01,2025-11-30,46,46,Complete
DEV0001460,POL001286,PO00258,SUP010,SKU0016,STR003,2025-11-21,2025-12-01,2025-11-29,139,139,Complete
DEV0001461,POL001287,PO00258,SUP004,SKU0019,STR010,2025-11-21,2025-12-01,2025-11-30,81,33,Partially Received
DEV0001462,POL001287,PO00258,SUP004,SKU0019,STR010,2025-11-21,2025-12-01,2025-12-01,81,31,Partially Received
DEV0001463,POL001288,PO00258,SUP003,SKU0022,STR017,2025-11-21,2025-12-01,2025-11-29,27,27,Complete
DEV0001464,POL001289,PO00258,SUP009,SKU0025,STR024,2025-11-21,2025-12-01,2025-11-29,87,87,Complete
DEV0001465,POL001290,PO00258,SUP003,SKU0028,STR007,2025-11-21,2025-12-01,2025-12-01,45,45,Complete
DEV0001466,POL001291,PO00259,SUP002,SKU0031,STR014,2025-11-21,2025-12-01,2025-12-01,107,107,Complete
DEV0001467,POL001292,PO00259,SUP008,SKU0034,STR021,2025-11-21,2025-12-01,2025-12-01,135,135,Complete
DEV0001468,POL001293,PO00259,SUP007,SKU0037,STR004,2025-11-21,2025-12-01,2025-12-06,97,97,Complete
DEV0001469,POL001294,PO00259,SUP001,SKU0040,STR011,2025-11-21,2025-12-01,2025-11-30,64,64,Complete
DEV0001470,POL001295,PO00259,SUP012,SKU0043,STR018,2025-11-21,2025-12-01,2025-11-30,91,91,Complete
DEV0001471,POL001296,PO00260,SUP006,SKU0046,STR001,2025-11-21,2025-12-01,2025-12-06,37,37,Complete
DEV0001472,POL001297,PO00260,SUP012,SKU0049,STR008,2025-11-21,2025-12-01,2025-11-30,131,118,Partially Received
DEV0001473,POL001298,PO00260,SUP011,SKU0052,STR015,2025-11-21,2025-12-01,2025-11-30,37,37,Complete
DEV0001474,POL001299,PO00260,SUP005,SKU0055,STR022,2025-11-21,2025-12-01,2025-11-30,87,87,Complete
DEV0001475,POL001300,PO00260,SUP004,SKU0058,STR005,2025-11-21,2025-12-01,2025-11-29,123,123,Complete
DEV0001476,POL001301,PO00261,SUP010,SKU0061,STR012,2025-11-21,2025-12-01,2025-11-30,30,30,Complete
DEV0001477,POL001302,PO00261,SUP009,SKU0064,STR019,2025-11-21,2025-12-01,2025-11-30,108,108,Complete
DEV0001478,POL001303,PO00261,SUP003,SKU0067,STR002,2025-11-21,2025-12-01,2025-12-05,33,33,Complete
DEV0001479,POL001304,PO00261,SUP009,SKU0070,STR009,2025-11-21,2025-12-01,2025-12-06,72,72,Complete
DEV0001480,POL001305,PO00261,SUP008,SKU0073,STR016,2025-11-21,2025-12-01,2025-12-03,80,59,Partially Received
DEV0001481,POL001306,PO00262,SUP002,SKU0076,STR023,2025-11-21,2025-12-01,2025-11-28,66,42,Complete
DEV0001482,POL001306,PO00262,SUP002,SKU0076,STR023,2025-11-21,2025-12-01,2025-11-29,66,24,Complete
DEV0001483,POL001307,PO00262,SUP001,SKU0079,STR006,2025-11-21,2025-12-01,2025-11-30,83,83,Complete
DEV0001484,POL001308,PO00262,SUP007,SKU0082,STR013,2025-11-21,2025-12-01,2025-11-29,61,61,Complete
DEV0001485,POL001309,PO00262,SUP006,SKU0085,STR020,2025-11-21,2025-12-01,2025-12-03,65,65,Complete
DEV0001486,POL001310,PO00262,SUP012,SKU0088,STR003,2025-11-21,2025-12-01,2025-12-01,86,86,Complete
DEV0001487,POL001311,PO00263,SUP006,SKU0091,STR010,2025-11-21,2025-12-01,2025-11-29,35,35,Complete
DEV0001488,POL001312,PO00263,SUP005,SKU0094,STR017,2025-11-21,2025-12-01,2025-12-01,115,115,Complete
DEV0001489,POL001313,PO00263,SUP006,SKU0003,STR024,2025-11-28,2025-12-08,2025-12-07,90,90,Complete
DEV0001490,POL001314,PO00263,SUP012,SKU0006,STR007,2025-11-28,2025-12-08,2025-12-11,85,85,Complete
DEV0001491,POL001315,PO00263,SUP011,SKU0009,STR014,2025-11-28,2025-12-08,2025-12-08,134,117,Partially Received
DEV0001492,POL001316,PO00264,SUP005,SKU0012,STR021,2025-11-28,2025-12-08,2025-12-07,49,49,Complete
DEV0001493,POL001317,PO00264,SUP004,SKU0015,STR004,2025-11-28,2025-12-08,2025-12-09,65,36,Complete
DEV0001494,POL001317,PO00264,SUP004,SKU0015,STR004,2025-11-28,2025-12-08,2025-12-10,65,29,Complete
DEV0001495,POL001318,PO00264,SUP010,SKU0018,STR011,2025-11-28,2025-12-08,2025-12-07,114,78,Complete
DEV0001496,POL001318,PO00264,SUP010,SKU0018,STR011,2025-11-28,2025-12-08,2025-12-08,114,36,Complete
DEV0001497,POL001319,PO00264,SUP004,SKU0021,STR018,2025-11-28,2025-12-08,2025-12-12,72,72,Complete
DEV0001498,POL001320,PO00264,SUP003,SKU0024,STR001,2025-11-28,2025-12-08,2025-12-08,133,133,Complete
DEV0001499,POL001321,PO00265,SUP009,SKU0027,STR008,2025-11-28,2025-12-08,2025-12-06,45,45,Complete
DEV0001500,POL001322,PO00265,SUP008,SKU0030,STR015,2025-11-28,2025-12-08,2025-12-08,66,66,Complete
DEV0001501,POL001323,PO00265,SUP002,SKU0033,STR022,2025-11-28,2025-12-08,2025-12-08,47,47,Complete
DEV0001502,POL001324,PO00265,SUP001,SKU0036,STR005,2025-11-28,2025-12-08,2025-12-06,118,87,Complete
DEV0001503,POL001324,PO00265,SUP001,SKU0036,STR005,2025-11-28,2025-12-08,2025-12-07,118,31,Complete
DEV0001504,POL001325,PO00265,SUP007,SKU0039,STR012,2025-11-28,2025-12-08,2025-12-06,82,82,Complete
DEV0001505,POL001326,PO00266,SUP001,SKU0042,STR019,2025-11-28,2025-12-08,2025-12-07,122,122,Complete
DEV0001506,POL001327,PO00266,SUP012,SKU0045,STR002,2025-11-28,2025-12-08,2025-12-06,61,61,Complete
DEV0001507,POL001328,PO00266,SUP006,SKU0048,STR009,2025-11-28,2025-12-08,2025-12-07,125,125,Complete
DEV0001508,POL001329,PO00266,SUP005,SKU0051,STR016,2025-11-28,2025-12-08,2025-12-07,70,70,Complete
DEV0001509,POL001330,PO00266,SUP011,SKU0054,STR023,2025-11-28,2025-12-08,2025-12-07,93,93,Complete
DEV0001510,POL001331,PO00267,SUP010,SKU0057,STR006,2025-11-28,2025-12-08,2025-12-05,56,37,Complete
DEV0001511,POL001331,PO00267,SUP010,SKU0057,STR006,2025-11-28,2025-12-08,2025-12-06,56,19,Complete
DEV0001512,POL001332,PO00267,SUP004,SKU0060,STR013,2025-11-28,2025-12-08,2025-12-08,52,52,Complete
DEV0001513,POL001333,PO00267,SUP010,SKU0063,STR020,2025-11-28,2025-12-08,2025-12-06,59,59,Complete
DEV0001514,POL001334,PO00267,SUP009,SKU0066,STR003,2025-11-28,2025-12-08,2025-12-07,45,45,Complete
DEV0001515,POL001335,PO00267,SUP003,SKU0069,STR010,2025-11-28,2025-12-08,2025-12-06,77,35,Complete
DEV0001516,POL001335,PO00267,SUP003,SKU0069,STR010,2025-11-28,2025-12-08,2025-12-07,77,42,Complete
DEV0001517,POL001336,PO00268,SUP002,SKU0072,STR017,2025-11-28,2025-12-08,2025-12-10,66,55,Partially Received
DEV0001518,POL001337,PO00268,SUP008,SKU0075,STR024,2025-11-28,2025-12-08,2025-12-08,31,31,Complete
DEV0001519,POL001338,PO00268,SUP007,SKU0078,STR007,2025-11-28,2025-12-08,2025-12-07,58,58,Complete
DEV0001520,POL001339,PO00268,SUP001,SKU0081,STR014,2025-11-28,2025-12-08,2025-12-06,27,27,Complete
DEV0001521,POL001340,PO00268,SUP007,SKU0084,STR021,2025-11-28,2025-12-08,2025-12-07,26,26,Complete
DEV0001522,POL001341,PO00269,SUP006,SKU0087,STR004,2025-11-28,2025-12-08,2025-12-08,70,70,Complete
DEV0001523,POL001342,PO00269,SUP012,SKU0090,STR011,2025-11-28,2025-12-08,2025-12-13,112,112,Complete
DEV0001524,POL001343,PO00269,SUP011,SKU0093,STR018,2025-11-28,2025-12-08,2025-12-07,83,83,Complete
DEV0001525,POL001344,PO00269,SUP005,SKU0096,STR001,2025-11-28,2025-12-08,2025-12-13,71,71,Complete
DEV0001526,POL001345,PO00269,SUP012,SKU0002,STR008,2025-12-05,2025-12-15,2025-12-14,59,35,Complete
DEV0001527,POL001345,PO00269,SUP012,SKU0002,STR008,2025-12-05,2025-12-15,2025-12-15,59,24,Complete
DEV0001528,POL001346,PO00270,SUP006,SKU0005,STR015,2025-12-05,2025-12-15,2025-12-17,45,45,Complete
DEV0001529,POL001347,PO00270,SUP005,SKU0008,STR022,2025-12-05,2025-12-15,2025-12-13,69,69,Complete
DEV0001530,POL001348,PO00270,SUP011,SKU0011,STR005,2025-12-05,2025-12-15,2025-12-14,105,105,Complete
DEV0001531,POL001349,PO00270,SUP005,SKU0014,STR012,2025-12-05,2025-12-15,2025-12-15,130,130,Complete
DEV0001532,POL001350,PO00270,SUP004,SKU0017,STR019,2025-12-05,2025-12-15,2025-12-15,28,28,Complete
DEV0001533,POL001351,PO00271,SUP010,SKU0020,STR002,2025-12-05,2025-12-15,2025-12-14,117,117,Complete
DEV0001534,POL001352,PO00271,SUP009,SKU0023,STR009,2025-12-05,2025-12-15,2025-12-18,33,33,Complete
DEV0001535,POL001353,PO00271,SUP003,SKU0026,STR016,2025-12-05,2025-12-15,2025-12-13,67,43,Complete
DEV0001536,POL001353,PO00271,SUP003,SKU0026,STR016,2025-12-05,2025-12-15,2025-12-14,67,24,Complete
DEV0001537,POL001354,PO00271,SUP002,SKU0029,STR023,2025-12-05,2025-12-15,2025-12-13,126,126,Complete
DEV0001538,POL001355,PO00271,SUP008,SKU0032,STR006,2025-12-05,2025-12-15,2025-12-13,69,69,Complete
DEV0001539,POL001356,PO00272,SUP002,SKU0035,STR013,2025-12-05,2025-12-15,2025-12-13,55,33,Complete
DEV0001540,POL001356,PO00272,SUP002,SKU0035,STR013,2025-12-05,2025-12-15,2025-12-14,55,22,Complete
DEV0001541,POL001357,PO00272,SUP001,SKU0038,STR020,2025-12-05,2025-12-15,2025-12-13,105,105,Complete
DEV0001542,POL001358,PO00272,SUP007,SKU0041,STR003,2025-12-05,2025-12-15,2025-12-13,47,47,Complete
DEV0001543,POL001359,PO00272,SUP006,SKU0044,STR010,2025-12-05,2025-12-15,2025-12-14,37,37,Complete
DEV0001544,POL001360,PO00272,SUP012,SKU0047,STR017,2025-12-05,2025-12-15,2025-12-14,46,46,Complete
DEV0001545,POL001361,PO00273,SUP011,SKU0050,STR024,2025-12-05,2025-12-15,2025-12-14,109,64,Complete
DEV0001546,POL001361,PO00273,SUP011,SKU0050,STR024,2025-12-05,2025-12-15,2025-12-15,109,45,Complete
DEV0001547,POL001362,PO00273,SUP005,SKU0053,STR007,2025-12-05,2025-12-15,2025-12-14,106,106,Complete
DEV0001548,POL001363,PO00273,SUP011,SKU0056,STR014,2025-12-05,2025-12-15,2025-12-17,74,54,Complete
DEV0001549,POL001363,PO00273,SUP011,SKU0056,STR014,2025-12-05,2025-12-15,2025-12-18,74,20,Complete
DEV0001550,POL001364,PO00273,SUP010,SKU0059,STR021,2025-12-05,2025-12-15,2025-12-15,105,105,Complete
DEV0001551,POL001365,PO00273,SUP004,SKU0062,STR004,2025-12-05,2025-12-15,2025-12-14,65,65,Complete
DEV0001552,POL001366,PO00274,SUP003,SKU0065,STR011,2025-12-05,2025-12-15,2025-12-14,62,62,Complete
DEV0001553,POL001367,PO00274,SUP009,SKU0068,STR018,2025-12-05,2025-12-15,2025-12-17,71,49,Partially Received
DEV0001554,POL001368,PO00274,SUP008,SKU0071,STR001,2025-12-05,2025-12-15,2025-12-14,104,104,Complete
DEV0001555,POL001369,PO00274,SUP002,SKU0074,STR008,2025-12-05,2025-12-15,2025-12-15,71,71,Complete
DEV0001556,POL001370,PO00274,SUP008,SKU0077,STR015,2025-12-05,2025-12-15,2025-12-18,94,67,Partially Received
DEV0001557,POL001371,PO00275,SUP007,SKU0080,STR022,2025-12-05,2025-12-15,2025-12-13,100,100,Complete
DEV0001558,POL001372,PO00275,SUP001,SKU0083,STR005,2025-12-05,2025-12-15,2025-12-15,64,64,Complete
DEV0001559,POL001373,PO00275,SUP012,SKU0086,STR012,2025-12-05,2025-12-15,2025-12-13,60,60,Complete
DEV0001560,POL001374,PO00275,SUP006,SKU0089,STR019,2025-12-05,2025-12-15,2025-12-14,116,116,Complete
DEV0001561,POL001375,PO00275,SUP005,SKU0092,STR002,2025-12-05,2025-12-15,2025-12-15,50,50,Complete
DEV0001562,POL001376,PO00276,SUP011,SKU0095,STR009,2025-12-05,2025-12-15,2025-12-15,45,45,Complete
DEV0001563,POL001377,PO00276,SUP006,SKU0001,STR016,2025-12-12,2025-12-22,2025-12-22,129,85,Complete
DEV0001564,POL001377,PO00276,SUP006,SKU0001,STR016,2025-12-12,2025-12-22,2025-12-23,129,44,Complete
DEV0001565,POL001378,PO00276,SUP012,SKU0004,STR023,2025-12-12,2025-12-22,2025-12-21,88,81,Partially Received
DEV0001566,POL001379,PO00276,SUP006,SKU0007,STR006,2025-12-12,2025-12-22,2025-12-20,85,85,Complete
DEV0001567,POL001380,PO00276,SUP005,SKU0010,STR013,2025-12-12,2025-12-22,2025-12-19,116,76,Complete
DEV0001568,POL001380,PO00276,SUP005,SKU0010,STR013,2025-12-12,2025-12-22,2025-12-20,116,40,Complete
DEV0001569,POL001381,PO00277,SUP011,SKU0013,STR020,2025-12-12,2025-12-22,2025-12-21,80,80,Complete
DEV0001570,POL001382,PO00277,SUP010,SKU0016,STR003,2025-12-12,2025-12-22,2025-12-21,81,81,Complete
DEV0001571,POL001383,PO00277,SUP004,SKU0019,STR010,2025-12-12,2025-12-22,2025-12-20,105,105,Complete
DEV0001572,POL001384,PO00277,SUP003,SKU0022,STR017,2025-12-12,2025-12-22,2025-12-19,85,43,Complete
DEV0001573,POL001384,PO00277,SUP003,SKU0022,STR017,2025-12-12,2025-12-22,2025-12-20,85,42,Complete
DEV0001574,POL001385,PO00277,SUP009,SKU0025,STR024,2025-12-12,2025-12-22,2025-12-22,68,68,Complete
DEV0001575,POL001386,PO00278,SUP003,SKU0028,STR007,2025-12-12,2025-12-22,2025-12-20,33,33,Complete
DEV0001576,POL001387,PO00278,SUP002,SKU0031,STR014,2025-12-12,2025-12-22,2025-12-20,65,65,Complete
DEV0001577,POL001388,PO00278,SUP008,SKU0034,STR021,2025-12-12,2025-12-22,2025-12-20,52,24,Complete
DEV0001578,POL001388,PO00278,SUP008,SKU0034,STR021,2025-12-12,2025-12-22,2025-12-21,52,28,Complete
DEV0001579,POL001389,PO00278,SUP007,SKU0037,STR004,2025-12-12,2025-12-22,2025-12-22,81,81,Complete
DEV0001580,POL001390,PO00278,SUP001,SKU0040,STR011,2025-12-12,2025-12-22,2025-12-20,117,65,Complete
DEV0001581,POL001390,PO00278,SUP001,SKU0040,STR011,2025-12-12,2025-12-22,2025-12-21,117,52,Complete
DEV0001582,POL001391,PO00279,SUP012,SKU0043,STR018,2025-12-12,2025-12-22,2025-12-22,37,37,Complete
DEV0001583,POL001392,PO00279,SUP006,SKU0046,STR001,2025-12-12,2025-12-22,2025-12-20,127,127,Complete
DEV0001584,POL001393,PO00279,SUP012,SKU0049,STR008,2025-12-12,2025-12-22,2025-12-20,104,104,Complete
DEV0001585,POL001394,PO00279,SUP011,SKU0052,STR015,2025-12-12,2025-12-22,2025-12-21,130,130,Complete
DEV0001586,POL001395,PO00279,SUP005,SKU0055,STR022,2025-12-12,2025-12-22,2025-12-21,80,80,Complete
DEV0001587,POL001396,PO00280,SUP004,SKU0058,STR005,2025-12-12,2025-12-22,2025-12-20,53,53,Complete
DEV0001588,POL001397,PO00280,SUP010,SKU0061,STR012,2025-12-12,2025-12-22,2025-12-22,66,66,Complete
DEV0001589,POL001398,PO00280,SUP009,SKU0064,STR019,2025-12-12,2025-12-22,2025-12-20,100,100,Complete
DEV0001590,POL001399,PO00280,SUP003,SKU0067,STR002,2025-12-12,2025-12-22,2025-12-22,68,68,Complete
DEV0001591,POL001400,PO00280,SUP009,SKU0070,STR009,2025-12-12,2025-12-22,2025-12-20,131,131,Complete
DEV0001592,POL001401,PO00281,SUP008,SKU0073,STR016,2025-12-12,2025-12-22,2025-12-20,131,131,Complete
DEV0001593,POL001402,PO00281,SUP002,SKU0076,STR023,2025-12-12,2025-12-22,2025-12-19,80,60,Complete
DEV0001594,POL001402,PO00281,SUP002,SKU0076,STR023,2025-12-12,2025-12-22,2025-12-20,80,20,Complete
DEV0001595,POL001403,PO00281,SUP001,SKU0079,STR006,2025-12-12,2025-12-22,2025-12-25,125,125,Complete
DEV0001596,POL001404,PO00281,SUP007,SKU0082,STR013,2025-12-12,2025-12-22,2025-12-21,45,45,Complete
DEV0001597,POL001405,PO00281,SUP006,SKU0085,STR020,2025-12-12,2025-12-22,2025-12-20,109,109,Complete
DEV0001598,POL001406,PO00282,SUP012,SKU0088,STR003,2025-12-12,2025-12-22,2025-12-22,137,137,Complete
DEV0001599,POL001407,PO00282,SUP006,SKU0091,STR010,2025-12-12,2025-12-22,2025-12-21,93,93,Complete
DEV0001600,POL001408,PO00282,SUP005,SKU0094,STR017,2025-12-12,2025-12-22,2025-12-22,133,133,Complete
DEV0001601,POL001409,PO00282,SUP006,SKU0003,STR024,2025-12-19,2025-12-29,2025-12-28,57,57,Complete
DEV0001602,POL001410,PO00282,SUP012,SKU0006,STR007,2025-12-19,2025-12-29,2025-12-29,64,64,Complete
DEV0001603,POL001411,PO00283,SUP011,SKU0009,STR014,2025-12-19,2025-12-29,2025-12-28,55,55,Complete
DEV0001604,POL001412,PO00283,SUP005,SKU0012,STR021,2025-12-19,2025-12-29,2025-12-29,82,82,Complete
DEV0001605,POL001413,PO00283,SUP004,SKU0015,STR004,2025-12-19,2025-12-29,2025-12-29,135,135,Complete
DEV0001606,POL001414,PO00283,SUP010,SKU0018,STR011,2025-12-19,2025-12-29,2025-12-28,49,49,Complete
DEV0001607,POL001415,PO00283,SUP004,SKU0021,STR018,2025-12-19,2025-12-29,2025-12-29,134,134,Complete
DEV0001608,POL001416,PO00284,SUP003,SKU0024,STR001,2025-12-19,2025-12-29,2025-12-29,61,61,Complete
DEV0001609,POL001417,PO00284,SUP009,SKU0027,STR008,2025-12-19,2025-12-29,2025-12-27,111,111,Complete
DEV0001610,POL001418,PO00284,SUP008,SKU0030,STR015,2025-12-19,2025-12-29,2025-12-28,95,69,Complete
DEV0001611,POL001418,PO00284,SUP008,SKU0030,STR015,2025-12-19,2025-12-29,2025-12-29,95,26,Complete
DEV0001612,POL001419,PO00284,SUP002,SKU0033,STR022,2025-12-19,2025-12-29,2025-12-27,49,49,Complete
DEV0001613,POL001420,PO00284,SUP001,SKU0036,STR005,2025-12-19,2025-12-29,2025-12-29,96,96,Complete
DEV0001614,POL001421,PO00285,SUP007,SKU0039,STR012,2025-12-19,2025-12-29,2026-01-02,92,92,Complete
DEV0001615,POL001422,PO00285,SUP001,SKU0042,STR019,2025-12-19,2025-12-29,2025-12-26,113,68,Complete
DEV0001616,POL001422,PO00285,SUP001,SKU0042,STR019,2025-12-19,2025-12-29,2025-12-27,113,45,Complete
DEV0001617,POL001423,PO00285,SUP012,SKU0045,STR002,2025-12-19,2025-12-29,2025-12-27,35,35,Complete
DEV0001618,POL001424,PO00285,SUP006,SKU0048,STR009,2025-12-19,2025-12-29,2025-12-27,77,77,Complete
DEV0001619,POL001425,PO00285,SUP005,SKU0051,STR016,2025-12-19,2025-12-29,2025-12-29,114,114,Complete
DEV0001620,POL001426,PO00286,SUP011,SKU0054,STR023,2025-12-19,2025-12-29,2025-12-27,31,28,Partially Received
DEV0001621,POL001427,PO00286,SUP010,SKU0057,STR006,2025-12-19,2025-12-29,2025-12-27,124,124,Complete
DEV0001622,POL001428,PO00286,SUP004,SKU0060,STR013,2025-12-19,2025-12-29,2025-12-29,115,115,Complete
DEV0001623,POL001429,PO00286,SUP010,SKU0063,STR020,2025-12-19,2025-12-29,2025-12-28,91,91,Complete
DEV0001624,POL001430,PO00286,SUP009,SKU0066,STR003,2025-12-19,2025-12-29,2025-12-27,59,59,Complete
DEV0001625,POL001431,PO00287,SUP003,SKU0069,STR010,2025-12-19,2025-12-29,2025-12-27,126,78,Complete
DEV0001626,POL001431,PO00287,SUP003,SKU0069,STR010,2025-12-19,2025-12-29,2025-12-28,126,48,Complete
DEV0001627,POL001432,PO00287,SUP002,SKU0072,STR017,2025-12-19,2025-12-29,2025-12-27,125,125,Complete
DEV0001628,POL001433,PO00287,SUP008,SKU0075,STR024,2025-12-19,2025-12-29,2025-12-27,27,27,Complete
DEV0001629,POL001434,PO00287,SUP007,SKU0078,STR007,2025-12-19,2025-12-29,2025-12-28,71,71,Complete
DEV0001630,POL001435,PO00287,SUP001,SKU0081,STR014,2025-12-19,2025-12-29,2026-01-02,73,50,Partially Received
DEV0001631,POL001436,PO00288,SUP007,SKU0084,STR021,2025-12-19,2025-12-29,2025-12-28,42,42,Complete
DEV0001632,POL001437,PO00288,SUP006,SKU0087,STR004,2025-12-19,2025-12-29,2025-12-28,65,36,Complete
DEV0001633,POL001437,PO00288,SUP006,SKU0087,STR004,2025-12-19,2025-12-29,2025-12-29,65,29,Complete
DEV0001634,POL001438,PO00288,SUP012,SKU0090,STR011,2025-12-19,2025-12-29,2025-12-28,64,64,Complete
DEV0001635,POL001439,PO00288,SUP011,SKU0093,STR018,2025-12-19,2025-12-29,2025-12-29,74,74,Complete
DEV0001636,POL001440,PO00288,SUP005,SKU0096,STR001,2025-12-19,2025-12-29,2025-12-28,132,132,Complete
DEV0001637,POL001441,PO00289,SUP012,SKU0002,STR008,2025-12-26,2026-01-05,2026-01-04,123,85,Partially Received
DEV0001638,POL001442,PO00289,SUP006,SKU0005,STR015,2025-12-26,2026-01-05,2026-01-05,26,26,Complete
DEV0001639,POL001443,PO00289,SUP005,SKU0008,STR022,2025-12-26,2026-01-05,2026-01-04,95,95,Complete
DEV0001640,POL001444,PO00289,SUP011,SKU0011,STR005,2025-12-26,2026-01-05,2026-01-03,68,49,Complete
DEV0001641,POL001444,PO00289,SUP011,SKU0011,STR005,2025-12-26,2026-01-05,2026-01-04,68,19,Complete
DEV0001642,POL001445,PO00289,SUP005,SKU0014,STR012,2025-12-26,2026-01-05,2026-01-02,66,33,Complete
DEV0001643,POL001445,PO00289,SUP005,SKU0014,STR012,2025-12-26,2026-01-05,2026-01-03,66,33,Complete
DEV0001644,POL001446,PO00290,SUP004,SKU0017,STR019,2025-12-26,2026-01-05,2026-01-05,117,117,Complete
DEV0001645,POL001447,PO00290,SUP010,SKU0020,STR002,2025-12-26,2026-01-05,2026-01-02,109,62,Complete
DEV0001646,POL001447,PO00290,SUP010,SKU0020,STR002,2025-12-26,2026-01-05,2026-01-03,109,47,Complete
DEV0001647,POL001448,PO00290,SUP009,SKU0023,STR009,2025-12-26,2026-01-05,2026-01-04,114,55,Complete
DEV0001648,POL001448,PO00290,SUP009,SKU0023,STR009,2025-12-26,2026-01-05,2026-01-05,114,59,Complete
DEV0001649,POL001449,PO00290,SUP003,SKU0026,STR016,2025-12-26,2026-01-05,2026-01-02,133,95,Complete
DEV0001650,POL001449,PO00290,SUP003,SKU0026,STR016,2025-12-26,2026-01-05,2026-01-03,133,38,Complete
DEV0001651,POL001450,PO00290,SUP002,SKU0029,STR023,2025-12-26,2026-01-05,2026-01-05,88,62,Partially Received
DEV0001652,POL001451,PO00291,SUP008,SKU0032,STR006,2025-12-26,2026-01-05,2026-01-02,90,41,Partially Received
DEV0001653,POL001451,PO00291,SUP008,SKU0032,STR006,2025-12-26,2026-01-05,2026-01-03,90,43,Partially Received
DEV0001654,POL001452,PO00291,SUP002,SKU0035,STR013,2025-12-26,2026-01-05,2026-01-04,115,115,Complete
DEV0001655,POL001453,PO00291,SUP001,SKU0038,STR020,2025-12-26,2026-01-05,2026-01-05,56,56,Complete
DEV0001656,POL001454,PO00291,SUP007,SKU0041,STR003,2025-12-26,2026-01-05,2026-01-02,87,62,Complete
DEV0001657,POL001454,PO00291,SUP007,SKU0041,STR003,2025-12-26,2026-01-05,2026-01-03,87,25,Complete
DEV0001658,POL001455,PO00291,SUP006,SKU0044,STR010,2025-12-26,2026-01-05,2026-01-05,77,77,Complete
DEV0001659,POL001456,PO00292,SUP012,SKU0047,STR017,2025-12-26,2026-01-05,2026-01-04,118,98,Partially Received
DEV0001660,POL001457,PO00292,SUP011,SKU0050,STR024,2025-12-26,2026-01-05,2026-01-08,131,131,Complete
DEV0001661,POL001458,PO00292,SUP005,SKU0053,STR007,2025-12-26,2026-01-05,2026-01-03,75,75,Complete
DEV0001662,POL001459,PO00292,SUP011,SKU0056,STR014,2025-12-26,2026-01-05,2026-01-04,116,116,Complete
DEV0001663,POL001460,PO00292,SUP010,SKU0059,STR021,2025-12-26,2026-01-05,2026-01-05,77,77,Complete
DEV0001664,POL001461,PO00293,SUP004,SKU0062,STR004,2025-12-26,2026-01-05,2026-01-05,140,140,Complete
DEV0001665,POL001462,PO00293,SUP003,SKU0065,STR011,2025-12-26,2026-01-05,2026-01-04,108,108,Complete
DEV0001666,POL001463,PO00293,SUP009,SKU0068,STR018,2025-12-26,2026-01-05,2026-01-03,64,64,Complete
DEV0001667,POL001464,PO00293,SUP008,SKU0071,STR001,2025-12-26,2026-01-05,2026-01-04,124,124,Complete
DEV0001668,POL001465,PO00293,SUP002,SKU0074,STR008,2025-12-26,2026-01-05,2026-01-02,127,67,Complete
DEV0001669,POL001465,PO00293,SUP002,SKU0074,STR008,2025-12-26,2026-01-05,2026-01-03,127,60,Complete
DEV0001670,POL001466,PO00294,SUP008,SKU0077,STR015,2025-12-26,2026-01-05,2026-01-04,91,91,Complete
DEV0001671,POL001467,PO00294,SUP007,SKU0080,STR022,2025-12-26,2026-01-05,2026-01-05,125,125,Complete
DEV0001672,POL001468,PO00294,SUP001,SKU0083,STR005,2025-12-26,2026-01-05,2026-01-06,116,116,Complete
DEV0001673,POL001469,PO00294,SUP012,SKU0086,STR012,2025-12-26,2026-01-05,2026-01-04,130,130,Complete
DEV0001674,POL001470,PO00294,SUP006,SKU0089,STR019,2025-12-26,2026-01-05,2026-01-04,75,49,Complete
DEV0001675,POL001470,PO00294,SUP006,SKU0089,STR019,2025-12-26,2026-01-05,2026-01-05,75,26,Complete
DEV0001676,POL001471,PO00295,SUP005,SKU0092,STR002,2025-12-26,2026-01-05,2026-01-03,35,35,Complete
DEV0001677,POL001472,PO00295,SUP011,SKU0095,STR009,2025-12-26,2026-01-05,2026-01-04,27,27,Complete
DEV0001678,POL001473,PO00295,SUP006,SKU0001,STR016,2026-01-02,2026-01-12,2026-01-11,54,29,Complete
DEV0001679,POL001473,PO00295,SUP006,SKU0001,STR016,2026-01-02,2026-01-12,2026-01-12,54,25,Complete
DEV0001680,POL001474,PO00295,SUP012,SKU0004,STR023,2026-01-02,2026-01-12,2026-01-13,69,43,Complete
DEV0001681,POL001474,PO00295,SUP012,SKU0004,STR023,2026-01-02,2026-01-12,2026-01-14,69,26,Complete
DEV0001682,POL001475,PO00295,SUP006,SKU0007,STR006,2026-01-02,2026-01-12,2026-01-11,30,30,Complete
DEV0001683,POL001476,PO00296,SUP005,SKU0010,STR013,2026-01-02,2026-01-12,2026-01-12,50,50,Complete
DEV0001684,POL001477,PO00296,SUP011,SKU0013,STR020,2026-01-02,2026-01-12,2026-01-11,32,32,Complete
DEV0001685,POL001478,PO00296,SUP010,SKU0016,STR003,2026-01-02,2026-01-12,2026-01-12,99,99,Complete
DEV0001686,POL001479,PO00296,SUP004,SKU0019,STR010,2026-01-02,2026-01-12,2026-01-11,49,36,Partially Received
DEV0001687,POL001480,PO00296,SUP003,SKU0022,STR017,2026-01-02,2026-01-12,2026-01-10,76,76,Complete
DEV0001688,POL001481,PO00297,SUP009,SKU0025,STR024,2026-01-02,2026-01-12,2026-01-12,116,116,Complete
DEV0001689,POL001482,PO00297,SUP003,SKU0028,STR007,2026-01-02,2026-01-12,2026-01-10,63,63,Complete
DEV0001690,POL001483,PO00297,SUP002,SKU0031,STR014,2026-01-02,2026-01-12,2026-01-11,101,63,Complete
DEV0001691,POL001483,PO00297,SUP002,SKU0031,STR014,2026-01-02,2026-01-12,2026-01-12,101,38,Complete
DEV0001692,POL001484,PO00297,SUP008,SKU0034,STR021,2026-01-02,2026-01-12,2026-01-11,95,95,Complete
DEV0001693,POL001485,PO00297,SUP007,SKU0037,STR004,2026-01-02,2026-01-12,2026-01-11,112,90,Partially Received
DEV0001694,POL001486,PO00298,SUP001,SKU0040,STR011,2026-01-02,2026-01-12,2026-01-12,78,78,Complete
DEV0001695,POL001487,PO00298,SUP012,SKU0043,STR018,2026-01-02,2026-01-12,2026-01-12,139,139,Complete
DEV0001696,POL001488,PO00298,SUP006,SKU0046,STR001,2026-01-02,2026-01-12,2026-01-11,124,65,Partially Received
DEV0001697,POL001488,PO00298,SUP006,SKU0046,STR001,2026-01-02,2026-01-12,2026-01-12,124,25,Partially Received
DEV0001698,POL001489,PO00298,SUP012,SKU0049,STR008,2026-01-02,2026-01-12,2026-01-11,95,95,Complete
DEV0001699,POL001490,PO00298,SUP011,SKU0052,STR015,2026-01-02,2026-01-12,2026-01-10,140,83,Complete
DEV0001700,POL001490,PO00298,SUP011,SKU0052,STR015,2026-01-02,2026-01-12,2026-01-11,140,57,Complete
DEV0001701,POL001491,PO00299,SUP005,SKU0055,STR022,2026-01-02,2026-01-12,2026-01-12,44,44,Complete
DEV0001702,POL001492,PO00299,SUP004,SKU0058,STR005,2026-01-02,2026-01-12,2026-01-14,87,87,Complete
DEV0001703,POL001493,PO00299,SUP010,SKU0061,STR012,2026-01-02,2026-01-12,2026-01-12,68,68,Complete
DEV0001704,POL001494,PO00299,SUP009,SKU0064,STR019,2026-01-02,2026-01-12,2026-01-10,43,43,Complete
DEV0001705,POL001495,PO00299,SUP003,SKU0067,STR002,2026-01-02,2026-01-12,2026-01-11,96,96,Complete
DEV0001706,POL001496,PO00300,SUP009,SKU0070,STR009,2026-01-02,2026-01-12,2026-01-10,31,31,Complete
DEV0001707,POL001497,PO00300,SUP008,SKU0073,STR016,2026-01-02,2026-01-12,2026-01-10,79,79,Complete
DEV0001708,POL001498,PO00300,SUP002,SKU0076,STR023,2026-01-02,2026-01-12,2026-01-13,91,91,Complete
DEV0001709,POL001499,PO00300,SUP001,SKU0079,STR006,2026-01-02,2026-01-12,2026-01-11,24,24,Complete
DEV0001710,POL001500,PO00300,SUP007,SKU0082,STR013,2026-01-02,2026-01-12,2026-01-11,139,130,Partially Received
DEV0001711,POL001501,PO00301,SUP006,SKU0085,STR020,2026-01-02,2026-01-12,2026-01-11,60,60,Complete
DEV0001712,POL001502,PO00301,SUP012,SKU0088,STR003,2026-01-02,2026-01-12,2026-01-13,96,54,Complete
DEV0001713,POL001502,PO00301,SUP012,SKU0088,STR003,2026-01-02,2026-01-12,2026-01-14,96,42,Complete
DEV0001714,POL001503,PO00301,SUP006,SKU0091,STR010,2026-01-02,2026-01-12,2026-01-11,132,94,Partially Received
DEV0001715,POL001504,PO00301,SUP005,SKU0094,STR017,2026-01-02,2026-01-12,2026-01-10,36,36,Complete
DEV0001716,POL001505,PO00301,SUP006,SKU0003,STR024,2026-01-09,2026-01-19,2026-01-17,53,53,Complete
DEV0001717,POL001506,PO00302,SUP012,SKU0006,STR007,2026-01-09,2026-01-19,2026-01-17,63,63,Complete
DEV0001718,POL001507,PO00302,SUP011,SKU0009,STR014,2026-01-09,2026-01-19,2026-01-18,24,24,Complete
DEV0001719,POL001508,PO00302,SUP005,SKU0012,STR021,2026-01-09,2026-01-19,2026-01-24,41,41,Complete
DEV0001720,POL001509,PO00302,SUP004,SKU0015,STR004,2026-01-09,2026-01-19,2026-01-18,58,58,Complete
DEV0001721,POL001510,PO00302,SUP010,SKU0018,STR011,2026-01-09,2026-01-19,2026-01-19,124,124,Complete
DEV0001722,POL001511,PO00303,SUP004,SKU0021,STR018,2026-01-09,2026-01-19,2026-01-18,55,41,Complete
DEV0001723,POL001511,PO00303,SUP004,SKU0021,STR018,2026-01-09,2026-01-19,2026-01-19,55,14,Complete
DEV0001724,POL001512,PO00303,SUP003,SKU0024,STR001,2026-01-09,2026-01-19,2026-01-19,60,60,Complete
DEV0001725,POL001513,PO00303,SUP009,SKU0027,STR008,2026-01-09,2026-01-19,2026-01-17,70,70,Complete
DEV0001726,POL001514,PO00303,SUP008,SKU0030,STR015,2026-01-09,2026-01-19,2026-01-18,71,51,Complete
DEV0001727,POL001514,PO00303,SUP008,SKU0030,STR015,2026-01-09,2026-01-19,2026-01-19,71,20,Complete
DEV0001728,POL001515,PO00303,SUP002,SKU0033,STR022,2026-01-09,2026-01-19,2026-01-17,64,64,Complete
DEV0001729,POL001516,PO00304,SUP001,SKU0036,STR005,2026-01-09,2026-01-19,2026-01-19,44,44,Complete
DEV0001730,POL001517,PO00304,SUP007,SKU0039,STR012,2026-01-09,2026-01-19,2026-01-17,76,76,Complete
DEV0001731,POL001518,PO00304,SUP001,SKU0042,STR019,2026-01-09,2026-01-19,2026-01-18,77,77,Complete
DEV0001732,POL001519,PO00304,SUP012,SKU0045,STR002,2026-01-09,2026-01-19,2026-01-19,132,132,Complete
DEV0001733,POL001520,PO00304,SUP006,SKU0048,STR009,2026-01-09,2026-01-19,2026-01-18,133,81,Complete
DEV0001734,POL001520,PO00304,SUP006,SKU0048,STR009,2026-01-09,2026-01-19,2026-01-19,133,52,Complete
DEV0001735,POL001521,PO00305,SUP005,SKU0051,STR016,2026-01-09,2026-01-19,2026-01-24,118,118,Complete
DEV0001736,POL001522,PO00305,SUP011,SKU0054,STR023,2026-01-09,2026-01-19,2026-01-19,72,72,Complete
DEV0001737,POL001523,PO00305,SUP010,SKU0057,STR006,2026-01-09,2026-01-19,2026-01-19,134,134,Complete
DEV0001738,POL001524,PO00305,SUP004,SKU0060,STR013,2026-01-09,2026-01-19,2026-01-18,71,48,Complete
DEV0001739,POL001524,PO00305,SUP004,SKU0060,STR013,2026-01-09,2026-01-19,2026-01-19,71,23,Complete
DEV0001740,POL001525,PO00305,SUP010,SKU0063,STR020,2026-01-09,2026-01-19,2026-01-19,62,62,Complete
DEV0001741,POL001526,PO00306,SUP009,SKU0066,STR003,2026-01-09,2026-01-19,2026-01-18,66,66,Complete
DEV0001742,POL001527,PO00306,SUP003,SKU0069,STR010,2026-01-09,2026-01-19,2026-01-18,104,104,Complete
DEV0001743,POL001528,PO00306,SUP002,SKU0072,STR017,2026-01-09,2026-01-19,2026-01-18,33,33,Complete
DEV0001744,POL001529,PO00306,SUP008,SKU0075,STR024,2026-01-09,2026-01-19,2026-01-17,134,134,Complete
DEV0001745,POL001530,PO00306,SUP007,SKU0078,STR007,2026-01-09,2026-01-19,2026-01-19,46,46,Complete
DEV0001746,POL001531,PO00307,SUP001,SKU0081,STR014,2026-01-09,2026-01-19,2026-01-17,59,59,Complete
DEV0001747,POL001532,PO00307,SUP007,SKU0084,STR021,2026-01-09,2026-01-19,2026-01-18,41,41,Complete
DEV0001748,POL001533,PO00307,SUP006,SKU0087,STR004,2026-01-09,2026-01-19,2026-01-19,79,79,Complete
DEV0001749,POL001534,PO00307,SUP012,SKU0090,STR011,2026-01-09,2026-01-19,2026-01-17,123,123,Complete
DEV0001750,POL001535,PO00307,SUP011,SKU0093,STR018,2026-01-09,2026-01-19,2026-01-17,117,87,Partially Received
DEV0001751,POL001536,PO00308,SUP005,SKU0096,STR001,2026-01-09,2026-01-19,2026-01-19,53,53,Complete
DEV0001752,POL001537,PO00308,SUP012,SKU0002,STR008,2026-01-16,2026-01-26,2026-01-24,137,137,Complete
DEV0001753,POL001538,PO00308,SUP006,SKU0005,STR015,2026-01-16,2026-01-26,2026-01-26,77,77,Complete
DEV0001754,POL001539,PO00308,SUP005,SKU0008,STR022,2026-01-16,2026-01-26,2026-01-25,25,25,Complete
DEV0001755,POL001540,PO00308,SUP011,SKU0011,STR005,2026-01-16,2026-01-26,2026-01-25,47,47,Complete
DEV0001756,POL001541,PO00309,SUP005,SKU0014,STR012,2026-01-16,2026-01-26,2026-01-24,96,96,Complete
DEV0001757,POL001542,PO00309,SUP004,SKU0017,STR019,2026-01-16,2026-01-26,2026-01-25,34,34,Complete
DEV0001758,POL001543,PO00309,SUP010,SKU0020,STR002,2026-01-16,2026-01-26,2026-01-24,105,105,Complete
DEV0001759,POL001544,PO00309,SUP009,SKU0023,STR009,2026-01-16,2026-01-26,2026-01-26,86,86,Complete
DEV0001760,POL001545,PO00309,SUP003,SKU0026,STR016,2026-01-16,2026-01-26,2026-01-25,59,59,Complete
DEV0001761,POL001546,PO00310,SUP002,SKU0029,STR023,2026-01-16,2026-01-26,2026-01-25,134,134,Complete
DEV0001762,POL001547,PO00310,SUP008,SKU0032,STR006,2026-01-16,2026-01-26,2026-01-25,123,123,Complete
DEV0001763,POL001548,PO00310,SUP002,SKU0035,STR013,2026-01-16,2026-01-26,2026-01-24,60,60,Complete
DEV0001764,POL001549,PO00310,SUP001,SKU0038,STR020,2026-01-16,2026-01-26,2026-01-26,89,89,Complete
DEV0001765,POL001550,PO00310,SUP007,SKU0041,STR003,2026-01-16,2026-01-26,2026-01-26,130,130,Complete
DEV0001766,POL001551,PO00311,SUP006,SKU0044,STR010,2026-01-16,2026-01-26,2026-01-25,87,73,Partially Received
DEV0001767,POL001552,PO00311,SUP012,SKU0047,STR017,2026-01-16,2026-01-26,2026-01-25,115,115,Complete
DEV0001768,POL001553,PO00311,SUP011,SKU0050,STR024,2026-01-16,2026-01-26,2026-01-25,32,32,Complete
DEV0001769,POL001554,PO00311,SUP005,SKU0053,STR007,2026-01-16,2026-01-26,2026-01-25,130,130,Complete
DEV0001770,POL001555,PO00311,SUP011,SKU0056,STR014,2026-01-16,2026-01-26,2026-01-25,43,43,Complete
DEV0001771,POL001556,PO00312,SUP010,SKU0059,STR021,2026-01-16,2026-01-26,2026-01-25,84,84,Complete
DEV0001772,POL001557,PO00312,SUP004,SKU0062,STR004,2026-01-16,2026-01-26,2026-01-25,26,26,Complete
DEV0001773,POL001558,PO00312,SUP003,SKU0065,STR011,2026-01-16,2026-01-26,2026-01-25,122,122,Complete
DEV0001774,POL001559,PO00312,SUP009,SKU0068,STR018,2026-01-16,2026-01-26,2026-01-30,43,43,Complete
DEV0001775,POL001560,PO00312,SUP008,SKU0071,STR001,2026-01-16,2026-01-26,2026-01-26,60,60,Complete
DEV0001776,POL001561,PO00313,SUP002,SKU0074,STR008,2026-01-16,2026-01-26,2026-01-25,96,68,Complete
DEV0001777,POL001561,PO00313,SUP002,SKU0074,STR008,2026-01-16,2026-01-26,2026-01-26,96,28,Complete
DEV0001778,POL001562,PO00313,SUP008,SKU0077,STR015,2026-01-16,2026-01-26,2026-01-24,111,111,Complete
DEV0001779,POL001563,PO00313,SUP007,SKU0080,STR022,2026-01-16,2026-01-26,2026-01-27,81,81,Complete
DEV0001780,POL001564,PO00313,SUP001,SKU0083,STR005,2026-01-16,2026-01-26,2026-01-26,34,34,Complete
DEV0001781,POL001565,PO00313,SUP012,SKU0086,STR012,2026-01-16,2026-01-26,2026-01-24,123,123,Complete
DEV0001782,POL001566,PO00314,SUP006,SKU0089,STR019,2026-01-16,2026-01-26,2026-01-26,67,67,Complete
DEV0001783,POL001567,PO00314,SUP005,SKU0092,STR002,2026-01-16,2026-01-26,2026-01-23,90,51,Complete
DEV0001784,POL001567,PO00314,SUP005,SKU0092,STR002,2026-01-16,2026-01-26,2026-01-24,90,39,Complete
DEV0001785,POL001568,PO00314,SUP011,SKU0095,STR009,2026-01-16,2026-01-26,2026-01-25,46,46,Complete
DEV0001786,POL001569,PO00314,SUP006,SKU0001,STR016,2026-01-23,2026-02-02,2026-02-05,79,79,Complete
DEV0001787,POL001570,PO00314,SUP012,SKU0004,STR023,2026-01-23,2026-02-02,2026-01-31,80,80,Complete
DEV0001788,POL001571,PO00315,SUP006,SKU0007,STR006,2026-01-23,2026-02-02,2026-01-31,78,78,Complete
DEV0001789,POL001572,PO00315,SUP005,SKU0010,STR013,2026-01-23,2026-02-02,2026-02-01,135,135,Complete
DEV0001790,POL001573,PO00315,SUP011,SKU0013,STR020,2026-01-23,2026-02-02,2026-02-02,126,126,Complete
DEV0001791,POL001574,PO00315,SUP010,SKU0016,STR003,2026-01-23,2026-02-02,2026-02-01,39,39,Complete
DEV0001792,POL001575,PO00315,SUP004,SKU0019,STR010,2026-01-23,2026-02-02,2026-02-02,96,96,Complete
DEV0001793,POL001576,PO00316,SUP003,SKU0022,STR017,2026-01-23,2026-02-02,2026-02-02,55,55,Complete
DEV0001794,POL001577,PO00316,SUP009,SKU0025,STR024,2026-01-23,2026-02-02,2026-01-31,39,39,Complete
DEV0001795,POL001578,PO00316,SUP003,SKU0028,STR007,2026-01-23,2026-02-02,2026-02-02,58,58,Complete
DEV0001796,POL001579,PO00316,SUP002,SKU0031,STR014,2026-01-23,2026-02-02,2026-01-31,106,106,Complete
DEV0001797,POL001580,PO00316,SUP008,SKU0034,STR021,2026-01-23,2026-02-02,2026-02-02,101,101,Complete
DEV0001798,POL001581,PO00317,SUP007,SKU0037,STR004,2026-01-23,2026-02-02,2026-02-01,30,30,Complete
DEV0001799,POL001582,PO00317,SUP001,SKU0040,STR011,2026-01-23,2026-02-02,2026-01-31,66,66,Complete
DEV0001800,POL001583,PO00317,SUP012,SKU0043,STR018,2026-01-23,2026-02-02,2026-01-31,69,69,Complete
DEV0001801,POL001584,PO00317,SUP006,SKU0046,STR001,2026-01-23,2026-02-02,2026-02-02,59,59,Complete
DEV0001802,POL001585,PO00317,SUP012,SKU0049,STR008,2026-01-23,2026-02-02,2026-02-02,113,113,Complete
DEV0001803,POL001586,PO00318,SUP011,SKU0052,STR015,2026-01-23,2026-02-02,2026-02-01,24,24,Complete
DEV0001804,POL001587,PO00318,SUP005,SKU0055,STR022,2026-01-23,2026-02-02,2026-02-01,107,107,Complete
DEV0001805,POL001588,PO00318,SUP004,SKU0058,STR005,2026-01-23,2026-02-02,2026-02-02,31,31,Complete
DEV0001806,POL001589,PO00318,SUP010,SKU0061,STR012,2026-01-23,2026-02-02,2026-02-01,33,33,Complete
DEV0001807,POL001590,PO00318,SUP009,SKU0064,STR019,2026-01-23,2026-02-02,2026-02-01,92,92,Complete
DEV0001808,POL001591,PO00319,SUP003,SKU0067,STR002,2026-01-23,2026-02-02,2026-01-31,131,62,Complete
DEV0001809,POL001591,PO00319,SUP003,SKU0067,STR002,2026-01-23,2026-02-02,2026-02-01,131,69,Complete
DEV0001810,POL001592,PO00319,SUP009,SKU0070,STR009,2026-01-23,2026-02-02,2026-02-02,85,85,Complete
DEV0001811,POL001593,PO00319,SUP008,SKU0073,STR016,2026-01-23,2026-02-02,2026-02-02,106,106,Complete
DEV0001812,POL001594,PO00319,SUP002,SKU0076,STR023,2026-01-23,2026-02-02,2026-02-07,29,27,Partially Received
DEV0001813,POL001595,PO00319,SUP001,SKU0079,STR006,2026-01-23,2026-02-02,2026-02-01,95,95,Complete
DEV0001814,POL001596,PO00320,SUP007,SKU0082,STR013,2026-01-23,2026-02-02,2026-01-31,90,90,Complete
DEV0001815,POL001597,PO00320,SUP006,SKU0085,STR020,2026-01-23,2026-02-02,2026-02-01,105,105,Complete
DEV0001816,POL001598,PO00320,SUP012,SKU0088,STR003,2026-01-23,2026-02-02,2026-01-31,82,82,Complete
DEV0001817,POL001599,PO00320,SUP006,SKU0091,STR010,2026-01-23,2026-02-02,2026-01-31,140,105,Complete
DEV0001818,POL001599,PO00320,SUP006,SKU0091,STR010,2026-01-23,2026-02-02,2026-02-01,140,35,Complete
DEV0001819,POL001600,PO00320,SUP005,SKU0094,STR017,2026-01-23,2026-02-02,2026-02-01,83,41,Complete
DEV0001820,POL001600,PO00320,SUP005,SKU0094,STR017,2026-01-23,2026-02-02,2026-02-02,83,42,Complete
DEV0001821,POL001601,PO00321,SUP006,SKU0003,STR024,2026-01-30,2026-02-09,2026-02-07,112,112,Complete
DEV0001822,POL001602,PO00321,SUP012,SKU0006,STR007,2026-01-30,2026-02-09,2026-02-08,56,56,Complete
DEV0001823,POL001603,PO00321,SUP011,SKU0009,STR014,2026-01-30,2026-02-09,2026-02-07,76,76,Complete
DEV0001824,POL001604,PO00321,SUP005,SKU0012,STR021,2026-01-30,2026-02-09,2026-02-12,71,71,Complete
DEV0001825,POL001605,PO00321,SUP004,SKU0015,STR004,2026-01-30,2026-02-09,2026-02-08,75,75,Complete
DEV0001826,POL001606,PO00322,SUP010,SKU0018,STR011,2026-01-30,2026-02-09,2026-02-08,25,23,Partially Received
DEV0001827,POL001607,PO00322,SUP004,SKU0021,STR018,2026-01-30,2026-02-09,2026-02-09,39,39,Complete
DEV0001828,POL001608,PO00322,SUP003,SKU0024,STR001,2026-01-30,2026-02-09,2026-02-08,37,37,Complete
DEV0001829,POL001609,PO00322,SUP009,SKU0027,STR008,2026-01-30,2026-02-09,2026-02-08,111,111,Complete
DEV0001830,POL001610,PO00322,SUP008,SKU0030,STR015,2026-01-30,2026-02-09,2026-02-09,72,72,Complete
DEV0001831,POL001611,PO00323,SUP002,SKU0033,STR022,2026-01-30,2026-02-09,2026-02-08,120,120,Complete
DEV0001832,POL001612,PO00323,SUP001,SKU0036,STR005,2026-01-30,2026-02-09,2026-02-13,101,101,Complete
DEV0001833,POL001613,PO00323,SUP007,SKU0039,STR012,2026-01-30,2026-02-09,2026-02-08,124,124,Complete
DEV0001834,POL001614,PO00323,SUP001,SKU0042,STR019,2026-01-30,2026-02-09,2026-02-08,83,83,Complete
DEV0001835,POL001615,PO00323,SUP012,SKU0045,STR002,2026-01-30,2026-02-09,2026-02-09,121,121,Complete
DEV0001836,POL001616,PO00324,SUP006,SKU0048,STR009,2026-01-30,2026-02-09,2026-02-07,47,47,Complete
DEV0001837,POL001617,PO00324,SUP005,SKU0051,STR016,2026-01-30,2026-02-09,2026-02-07,68,68,Complete
DEV0001838,POL001618,PO00324,SUP011,SKU0054,STR023,2026-01-30,2026-02-09,2026-02-07,46,46,Complete
DEV0001839,POL001619,PO00324,SUP010,SKU0057,STR006,2026-01-30,2026-02-09,2026-02-08,88,36,Partially Received
DEV0001840,POL001619,PO00324,SUP010,SKU0057,STR006,2026-01-30,2026-02-09,2026-02-09,88,42,Partially Received
DEV0001841,POL001620,PO00324,SUP004,SKU0060,STR013,2026-01-30,2026-02-09,2026-02-08,140,140,Complete
DEV0001842,POL001621,PO00325,SUP010,SKU0063,STR020,2026-01-30,2026-02-09,2026-02-08,130,130,Complete
DEV0001843,POL001622,PO00325,SUP009,SKU0066,STR003,2026-01-30,2026-02-09,2026-02-09,59,49,Partially Received
DEV0001844,POL001623,PO00325,SUP003,SKU0069,STR010,2026-01-30,2026-02-09,2026-02-07,125,125,Complete
DEV0001845,POL001624,PO00325,SUP002,SKU0072,STR017,2026-01-30,2026-02-09,2026-02-07,44,44,Complete
DEV0001846,POL001625,PO00325,SUP008,SKU0075,STR024,2026-01-30,2026-02-09,2026-02-07,47,47,Complete
DEV0001847,POL001626,PO00326,SUP007,SKU0078,STR007,2026-01-30,2026-02-09,2026-02-11,98,98,Complete
DEV0001848,POL001627,PO00326,SUP001,SKU0081,STR014,2026-01-30,2026-02-09,2026-02-07,54,54,Complete
DEV0001849,POL001628,PO00326,SUP007,SKU0084,STR021,2026-01-30,2026-02-09,2026-02-07,29,29,Complete
DEV0001850,POL001629,PO00326,SUP006,SKU0087,STR004,2026-01-30,2026-02-09,2026-02-09,77,77,Complete
DEV0001851,POL001630,PO00326,SUP012,SKU0090,STR011,2026-01-30,2026-02-09,2026-02-07,123,123,Complete
DEV0001852,POL001631,PO00327,SUP011,SKU0093,STR018,2026-01-30,2026-02-09,2026-02-06,114,40,Partially Received
DEV0001853,POL001631,PO00327,SUP011,SKU0093,STR018,2026-01-30,2026-02-09,2026-02-07,114,39,Partially Received
DEV0001854,POL001632,PO00327,SUP005,SKU0096,STR001,2026-01-30,2026-02-09,2026-02-08,120,120,Complete
DEV0001855,POL001633,PO00327,SUP012,SKU0002,STR008,2026-02-06,2026-02-16,2026-02-15,31,31,Complete
DEV0001856,POL001634,PO00327,SUP006,SKU0005,STR015,2026-02-06,2026-02-16,2026-02-14,127,83,Complete
DEV0001857,POL001634,PO00327,SUP006,SKU0005,STR015,2026-02-06,2026-02-16,2026-02-15,127,44,Complete
DEV0001858,POL001635,PO00327,SUP005,SKU0008,STR022,2026-02-06,2026-02-16,2026-02-15,55,49,Partially Received
DEV0001859,POL001636,PO00328,SUP011,SKU0011,STR005,2026-02-06,2026-02-16,2026-02-14,91,91,Complete
DEV0001860,POL001637,PO00328,SUP005,SKU0014,STR012,2026-02-06,2026-02-16,2026-02-16,109,109,Complete
DEV0001861,POL001638,PO00328,SUP004,SKU0017,STR019,2026-02-06,2026-02-16,2026-02-16,47,47,Complete
DEV0001862,POL001639,PO00328,SUP010,SKU0020,STR002,2026-02-06,2026-02-16,2026-02-16,129,129,Complete
DEV0001863,POL001640,PO00328,SUP009,SKU0023,STR009,2026-02-06,2026-02-16,2026-02-14,134,86,Complete
DEV0001864,POL001640,PO00328,SUP009,SKU0023,STR009,2026-02-06,2026-02-16,2026-02-15,134,48,Complete
DEV0001865,POL001641,PO00329,SUP003,SKU0026,STR016,2026-02-06,2026-02-16,2026-02-19,81,81,Complete
DEV0001866,POL001642,PO00329,SUP002,SKU0029,STR023,2026-02-06,2026-02-16,2026-02-15,25,25,Complete
DEV0001867,POL001643,PO00329,SUP008,SKU0032,STR006,2026-02-06,2026-02-16,2026-02-14,59,54,Partially Received
DEV0001868,POL001644,PO00329,SUP002,SKU0035,STR013,2026-02-06,2026-02-16,2026-02-15,41,41,Complete
DEV0001869,POL001645,PO00329,SUP001,SKU0038,STR020,2026-02-06,2026-02-16,2026-02-14,59,59,Complete
DEV0001870,POL001646,PO00330,SUP007,SKU0041,STR003,2026-02-06,2026-02-16,2026-02-17,24,24,Complete
DEV0001871,POL001647,PO00330,SUP006,SKU0044,STR010,2026-02-06,2026-02-16,2026-02-15,77,77,Complete
DEV0001872,POL001648,PO00330,SUP012,SKU0047,STR017,2026-02-06,2026-02-16,2026-02-14,123,57,Complete
DEV0001873,POL001648,PO00330,SUP012,SKU0047,STR017,2026-02-06,2026-02-16,2026-02-15,123,66,Complete
DEV0001874,POL001649,PO00330,SUP011,SKU0050,STR024,2026-02-06,2026-02-16,2026-02-15,63,63,Complete
DEV0001875,POL001650,PO00330,SUP005,SKU0053,STR007,2026-02-06,2026-02-16,2026-02-14,65,65,Complete
DEV0001876,POL001651,PO00331,SUP011,SKU0056,STR014,2026-02-06,2026-02-16,2026-02-14,31,31,Complete
DEV0001877,POL001652,PO00331,SUP010,SKU0059,STR021,2026-02-06,2026-02-16,2026-02-16,80,80,Complete
DEV0001878,POL001653,PO00331,SUP004,SKU0062,STR004,2026-02-06,2026-02-16,2026-02-14,36,36,Complete
DEV0001879,POL001654,PO00331,SUP003,SKU0065,STR011,2026-02-06,2026-02-16,2026-02-16,49,49,Complete
DEV0001880,POL001655,PO00331,SUP009,SKU0068,STR018,2026-02-06,2026-02-16,2026-02-15,72,72,Complete
DEV0001881,POL001656,PO00332,SUP008,SKU0071,STR001,2026-02-06,2026-02-16,2026-02-15,100,73,Partially Received
DEV0001882,POL001657,PO00332,SUP002,SKU0074,STR008,2026-02-06,2026-02-16,2026-02-16,63,63,Complete
DEV0001883,POL001658,PO00332,SUP008,SKU0077,STR015,2026-02-06,2026-02-16,2026-02-15,97,97,Complete
DEV0001884,POL001659,PO00332,SUP007,SKU0080,STR022,2026-02-06,2026-02-16,2026-02-15,59,59,Complete
DEV0001885,POL001660,PO00332,SUP001,SKU0083,STR005,2026-02-06,2026-02-16,2026-02-15,131,131,Complete
DEV0001886,POL001661,PO00333,SUP012,SKU0086,STR012,2026-02-06,2026-02-16,2026-02-16,124,124,Complete
DEV0001887,POL001662,PO00333,SUP006,SKU0089,STR019,2026-02-06,2026-02-16,2026-02-19,54,54,Complete
DEV0001888,POL001663,PO00333,SUP005,SKU0092,STR002,2026-02-06,2026-02-16,2026-02-16,92,92,Complete
DEV0001889,POL001664,PO00333,SUP011,SKU0095,STR009,2026-02-06,2026-02-16,2026-02-15,50,50,Complete
DEV0001890,POL001665,PO00333,SUP006,SKU0001,STR016,2026-02-13,2026-02-23,2026-02-22,87,87,Complete
DEV0001891,POL001666,PO00334,SUP012,SKU0004,STR023,2026-02-13,2026-02-23,2026-02-21,36,36,Complete
DEV0001892,POL001667,PO00334,SUP006,SKU0007,STR006,2026-02-13,2026-02-23,2026-02-22,71,71,Complete
DEV0001893,POL001668,PO00334,SUP005,SKU0010,STR013,2026-02-13,2026-02-23,2026-02-21,25,25,Complete
DEV0001894,POL001669,PO00334,SUP011,SKU0013,STR020,2026-02-13,2026-02-23,2026-02-22,84,49,Complete
DEV0001895,POL001669,PO00334,SUP011,SKU0013,STR020,2026-02-13,2026-02-23,2026-02-23,84,35,Complete
DEV0001896,POL001670,PO00334,SUP010,SKU0016,STR003,2026-02-13,2026-02-23,2026-02-22,37,30,Partially Received
DEV0001897,POL001671,PO00335,SUP004,SKU0019,STR010,2026-02-13,2026-02-23,2026-02-21,54,54,Complete
DEV0001898,POL001672,PO00335,SUP003,SKU0022,STR017,2026-02-13,2026-02-23,2026-02-23,68,68,Complete
DEV0001899,POL001673,PO00335,SUP009,SKU0025,STR024,2026-02-13,2026-02-23,2026-02-21,119,119,Complete
DEV0001900,POL001674,PO00335,SUP003,SKU0028,STR007,2026-02-13,2026-02-23,2026-02-23,92,92,Complete
DEV0001901,POL001675,PO00335,SUP002,SKU0031,STR014,2026-02-13,2026-02-23,2026-02-23,93,93,Complete
DEV0001902,POL001676,PO00336,SUP008,SKU0034,STR021,2026-02-13,2026-02-23,2026-02-21,138,138,Complete
DEV0001903,POL001677,PO00336,SUP007,SKU0037,STR004,2026-02-13,2026-02-23,2026-02-21,47,47,Complete
DEV0001904,POL001678,PO00336,SUP001,SKU0040,STR011,2026-02-13,2026-02-23,2026-02-22,89,57,Complete
DEV0001905,POL001678,PO00336,SUP001,SKU0040,STR011,2026-02-13,2026-02-23,2026-02-23,89,32,Complete
DEV0001906,POL001679,PO00336,SUP012,SKU0043,STR018,2026-02-13,2026-02-23,2026-02-23,64,64,Complete
DEV0001907,POL001680,PO00336,SUP006,SKU0046,STR001,2026-02-13,2026-02-23,2026-02-23,114,114,Complete
DEV0001908,POL001681,PO00337,SUP012,SKU0049,STR008,2026-02-13,2026-02-23,2026-02-27,140,140,Complete
DEV0001909,POL001682,PO00337,SUP011,SKU0052,STR015,2026-02-13,2026-02-23,2026-02-26,95,95,Complete
DEV0001910,POL001683,PO00337,SUP005,SKU0055,STR022,2026-02-13,2026-02-23,2026-02-21,125,125,Complete
DEV0001911,POL001684,PO00337,SUP004,SKU0058,STR005,2026-02-13,2026-02-23,2026-02-23,34,34,Complete
DEV0001912,POL001685,PO00337,SUP010,SKU0061,STR012,2026-02-13,2026-02-23,2026-02-21,74,74,Complete
DEV0001913,POL001686,PO00338,SUP009,SKU0064,STR019,2026-02-13,2026-02-23,2026-02-21,81,81,Complete
DEV0001914,POL001687,PO00338,SUP003,SKU0067,STR002,2026-02-13,2026-02-23,2026-02-23,97,97,Complete
DEV0001915,POL001688,PO00338,SUP009,SKU0070,STR009,2026-02-13,2026-02-23,2026-02-28,105,105,Complete
DEV0001916,POL001689,PO00338,SUP008,SKU0073,STR016,2026-02-13,2026-02-23,2026-02-21,48,48,Complete
DEV0001917,POL001690,PO00338,SUP002,SKU0076,STR023,2026-02-13,2026-02-23,2026-02-22,33,33,Complete
DEV0001918,POL001691,PO00339,SUP001,SKU0079,STR006,2026-02-13,2026-02-23,2026-02-22,53,34,Complete
DEV0001919,POL001691,PO00339,SUP001,SKU0079,STR006,2026-02-13,2026-02-23,2026-02-23,53,19,Complete
DEV0001920,POL001692,PO00339,SUP007,SKU0082,STR013,2026-02-13,2026-02-23,2026-02-23,64,64,Complete
DEV0001921,POL001693,PO00339,SUP006,SKU0085,STR020,2026-02-13,2026-02-23,2026-02-23,116,116,Complete
DEV0001922,POL001694,PO00339,SUP012,SKU0088,STR003,2026-02-13,2026-02-23,2026-02-22,111,111,Complete
DEV0001923,POL001695,PO00339,SUP006,SKU0091,STR010,2026-02-13,2026-02-23,2026-02-21,74,74,Complete
DEV0001924,POL001696,PO00340,SUP005,SKU0094,STR017,2026-02-13,2026-02-23,2026-02-23,26,26,Complete
DEV0001925,POL001697,PO00340,SUP006,SKU0003,STR024,2026-02-20,2026-03-02,2026-02-28,98,98,Complete
DEV0001926,POL001698,PO00340,SUP012,SKU0006,STR007,2026-02-20,2026-03-02,2026-03-02,85,85,Complete
DEV0001927,POL001699,PO00340,SUP011,SKU0009,STR014,2026-02-20,2026-03-02,2026-03-01,89,89,Complete
DEV0001928,POL001700,PO00340,SUP005,SKU0012,STR021,2026-02-20,2026-03-02,2026-03-06,122,74,Complete
DEV0001929,POL001700,PO00340,SUP005,SKU0012,STR021,2026-02-20,2026-03-02,2026-03-07,122,48,Complete
DEV0001930,POL001701,PO00341,SUP004,SKU0015,STR004,2026-02-20,2026-03-02,2026-03-01,69,55,Partially Received
DEV0001931,POL001702,PO00341,SUP010,SKU0018,STR011,2026-02-20,2026-03-02,2026-03-01,133,133,Complete
DEV0001932,POL001703,PO00341,SUP004,SKU0021,STR018,2026-02-20,2026-03-02,2026-03-01,26,26,Complete
DEV0001933,POL001704,PO00341,SUP003,SKU0024,STR001,2026-02-20,2026-03-02,2026-02-27,94,68,Complete
DEV0001934,POL001704,PO00341,SUP003,SKU0024,STR001,2026-02-20,2026-03-02,2026-02-28,94,26,Complete
DEV0001935,POL001705,PO00341,SUP009,SKU0027,STR008,2026-02-20,2026-03-02,2026-03-02,95,95,Complete
DEV0001936,POL001706,PO00342,SUP008,SKU0030,STR015,2026-02-20,2026-03-02,2026-03-04,131,131,Complete
DEV0001937,POL001707,PO00342,SUP002,SKU0033,STR022,2026-02-20,2026-03-02,2026-03-01,110,110,Complete
DEV0001938,POL001708,PO00342,SUP001,SKU0036,STR005,2026-02-20,2026-03-02,2026-03-01,90,90,Complete
DEV0001939,POL001709,PO00342,SUP007,SKU0039,STR012,2026-02-20,2026-03-02,2026-03-02,83,83,Complete
DEV0001940,POL001710,PO00342,SUP001,SKU0042,STR019,2026-02-20,2026-03-02,2026-02-28,95,95,Complete
DEV0001941,POL001711,PO00343,SUP012,SKU0045,STR002,2026-02-20,2026-03-02,2026-03-01,124,124,Complete
DEV0001942,POL001712,PO00343,SUP006,SKU0048,STR009,2026-02-20,2026-03-02,2026-03-01,100,100,Complete
DEV0001943,POL001713,PO00343,SUP005,SKU0051,STR016,2026-02-20,2026-03-02,2026-03-02,106,106,Complete
DEV0001944,POL001714,PO00343,SUP011,SKU0054,STR023,2026-02-20,2026-03-02,2026-03-05,65,43,Complete
DEV0001945,POL001714,PO00343,SUP011,SKU0054,STR023,2026-02-20,2026-03-02,2026-03-06,65,22,Complete
DEV0001946,POL001715,PO00343,SUP010,SKU0057,STR006,2026-02-20,2026-03-02,2026-03-04,35,35,Complete
DEV0001947,POL001716,PO00344,SUP004,SKU0060,STR013,2026-02-20,2026-03-02,2026-03-02,129,129,Complete
DEV0001948,POL001717,PO00344,SUP010,SKU0063,STR020,2026-02-20,2026-03-02,2026-03-03,110,110,Complete
DEV0001949,POL001718,PO00344,SUP009,SKU0066,STR003,2026-02-20,2026-03-02,2026-02-28,117,117,Complete
DEV0001950,POL001719,PO00344,SUP003,SKU0069,STR010,2026-02-20,2026-03-02,2026-03-01,111,111,Complete
DEV0001951,POL001720,PO00344,SUP002,SKU0072,STR017,2026-02-20,2026-03-02,2026-03-01,39,39,Complete
DEV0001952,POL001721,PO00345,SUP008,SKU0075,STR024,2026-02-20,2026-03-02,2026-03-02,107,107,Complete
DEV0001953,POL001722,PO00345,SUP007,SKU0078,STR007,2026-02-20,2026-03-02,2026-03-01,94,94,Complete
DEV0001954,POL001723,PO00345,SUP001,SKU0081,STR014,2026-02-20,2026-03-02,2026-03-02,43,43,Complete
DEV0001955,POL001724,PO00345,SUP007,SKU0084,STR021,2026-02-20,2026-03-02,2026-03-01,137,137,Complete
DEV0001956,POL001725,PO00345,SUP006,SKU0087,STR004,2026-02-20,2026-03-02,2026-03-01,51,51,Complete
DEV0001957,POL001726,PO00346,SUP012,SKU0090,STR011,2026-02-20,2026-03-02,2026-03-02,32,32,Complete
DEV0001958,POL001727,PO00346,SUP011,SKU0093,STR018,2026-02-20,2026-03-02,2026-03-04,45,45,Complete
DEV0001959,POL001728,PO00346,SUP005,SKU0096,STR001,2026-02-20,2026-03-02,2026-02-28,85,85,Complete
DEV0001960,POL001729,PO00346,SUP012,SKU0002,STR008,2026-02-27,2026-03-09,2026-03-09,95,77,Partially Received
DEV0001961,POL001730,PO00346,SUP006,SKU0005,STR015,2026-02-27,2026-03-09,2026-03-07,73,73,Complete
DEV0001962,POL001731,PO00347,SUP005,SKU0008,STR022,2026-02-27,2026-03-09,2026-03-08,125,125,Complete
DEV0001963,POL001732,PO00347,SUP011,SKU0011,STR005,2026-02-27,2026-03-09,2026-03-08,119,56,Complete
DEV0001964,POL001732,PO00347,SUP011,SKU0011,STR005,2026-02-27,2026-03-09,2026-03-09,119,63,Complete
DEV0001965,POL001733,PO00347,SUP005,SKU0014,STR012,2026-02-27,2026-03-09,2026-03-07,87,53,Complete
DEV0001966,POL001733,PO00347,SUP005,SKU0014,STR012,2026-02-27,2026-03-09,2026-03-08,87,34,Complete
DEV0001967,POL001734,PO00347,SUP004,SKU0017,STR019,2026-02-27,2026-03-09,2026-03-08,135,135,Complete
DEV0001968,POL001735,PO00347,SUP010,SKU0020,STR002,2026-02-27,2026-03-09,2026-03-10,105,105,Complete
DEV0001969,POL001736,PO00348,SUP009,SKU0023,STR009,2026-02-27,2026-03-09,2026-03-07,68,68,Complete
DEV0001970,POL001737,PO00348,SUP003,SKU0026,STR016,2026-02-27,2026-03-09,2026-03-08,107,107,Complete
DEV0001971,POL001738,PO00348,SUP002,SKU0029,STR023,2026-02-27,2026-03-09,2026-03-08,129,129,Complete
DEV0001972,POL001739,PO00348,SUP008,SKU0032,STR006,2026-02-27,2026-03-09,2026-03-08,82,82,Complete
DEV0001973,POL001740,PO00348,SUP002,SKU0035,STR013,2026-02-27,2026-03-09,2026-03-07,137,137,Complete
DEV0001974,POL001741,PO00349,SUP001,SKU0038,STR020,2026-02-27,2026-03-09,2026-03-07,86,58,Complete
DEV0001975,POL001741,PO00349,SUP001,SKU0038,STR020,2026-02-27,2026-03-09,2026-03-08,86,28,Complete
DEV0001976,POL001742,PO00349,SUP007,SKU0041,STR003,2026-02-27,2026-03-09,2026-03-09,50,50,Complete
DEV0001977,POL001743,PO00349,SUP006,SKU0044,STR010,2026-02-27,2026-03-09,2026-03-07,66,47,Complete
DEV0001978,POL001743,PO00349,SUP006,SKU0044,STR010,2026-02-27,2026-03-09,2026-03-08,66,19,Complete
DEV0001979,POL001744,PO00349,SUP012,SKU0047,STR017,2026-02-27,2026-03-09,2026-03-07,83,83,Complete
DEV0001980,POL001745,PO00349,SUP011,SKU0050,STR024,2026-02-27,2026-03-09,2026-03-09,77,77,Complete
DEV0001981,POL001746,PO00350,SUP005,SKU0053,STR007,2026-02-27,2026-03-09,2026-03-09,34,34,Complete
DEV0001982,POL001747,PO00350,SUP011,SKU0056,STR014,2026-02-27,2026-03-09,2026-03-07,105,105,Complete
DEV0001983,POL001748,PO00350,SUP010,SKU0059,STR021,2026-02-27,2026-03-09,2026-03-07,118,118,Complete
DEV0001984,POL001749,PO00350,SUP004,SKU0062,STR004,2026-02-27,2026-03-09,2026-03-08,33,33,Complete
DEV0001985,POL001750,PO00350,SUP003,SKU0065,STR011,2026-02-27,2026-03-09,2026-03-06,91,52,Complete
DEV0001986,POL001750,PO00350,SUP003,SKU0065,STR011,2026-02-27,2026-03-09,2026-03-07,91,39,Complete
DEV0001987,POL001751,PO00351,SUP009,SKU0068,STR018,2026-02-27,2026-03-09,2026-03-09,90,90,Complete
DEV0001988,POL001752,PO00351,SUP008,SKU0071,STR001,2026-02-27,2026-03-09,2026-03-10,106,73,Complete
DEV0001989,POL001752,PO00351,SUP008,SKU0071,STR001,2026-02-27,2026-03-09,2026-03-11,106,33,Complete
DEV0001990,POL001753,PO00351,SUP002,SKU0074,STR008,2026-02-27,2026-03-09,2026-03-14,78,78,Complete
DEV0001991,POL001754,PO00351,SUP008,SKU0077,STR015,2026-02-27,2026-03-09,2026-03-10,34,34,Complete
DEV0001992,POL001755,PO00351,SUP007,SKU0080,STR022,2026-02-27,2026-03-09,2026-03-08,39,39,Complete
DEV0001993,POL001756,PO00352,SUP001,SKU0083,STR005,2026-02-27,2026-03-09,2026-03-08,130,70,Complete
DEV0001994,POL001756,PO00352,SUP001,SKU0083,STR005,2026-02-27,2026-03-09,2026-03-09,130,60,Complete
DEV0001995,POL001757,PO00352,SUP012,SKU0086,STR012,2026-02-27,2026-03-09,2026-03-08,28,28,Complete
DEV0001996,POL001758,PO00352,SUP006,SKU0089,STR019,2026-02-27,2026-03-09,2026-03-08,25,25,Complete
DEV0001997,POL001759,PO00352,SUP005,SKU0092,STR002,2026-02-27,2026-03-09,2026-03-09,40,40,Complete
DEV0001998,POL001760,PO00352,SUP011,SKU0095,STR009,2026-02-27,2026-03-09,2026-03-08,82,82,Complete
DEV0001999,POL001761,PO00353,SUP006,SKU0001,STR016,2026-03-06,2026-03-16,2026-03-16,85,85,Complete
DEV0002000,POL001762,PO00353,SUP012,SKU0004,STR023,2026-03-06,2026-03-16,2026-03-14,125,125,Complete
DEV0002001,POL001763,PO00353,SUP006,SKU0007,STR006,2026-03-06,2026-03-16,2026-03-19,95,62,Complete
DEV0002002,POL001763,PO00353,SUP006,SKU0007,STR006,2026-03-06,2026-03-16,2026-03-20,95,33,Complete
DEV0002003,POL001764,PO00353,SUP005,SKU0010,STR013,2026-03-06,2026-03-16,2026-03-16,100,100,Complete
DEV0002004,POL001765,PO00353,SUP011,SKU0013,STR020,2026-03-06,2026-03-16,2026-03-16,28,28,Complete
DEV0002005,POL001766,PO00354,SUP010,SKU0016,STR003,2026-03-06,2026-03-16,2026-03-19,127,57,Complete
DEV0002006,POL001766,PO00354,SUP010,SKU0016,STR003,2026-03-06,2026-03-16,2026-03-20,127,70,Complete
DEV0002007,POL001767,PO00354,SUP004,SKU0019,STR010,2026-03-06,2026-03-16,2026-03-14,30,30,Complete
DEV0002008,POL001768,PO00354,SUP003,SKU0022,STR017,2026-03-06,2026-03-16,2026-03-16,68,68,Complete
DEV0002009,POL001769,PO00354,SUP009,SKU0025,STR024,2026-03-06,2026-03-16,2026-03-15,83,83,Complete
DEV0002010,POL001770,PO00354,SUP003,SKU0028,STR007,2026-03-06,2026-03-16,2026-03-14,85,85,Complete
DEV0002011,POL001771,PO00355,SUP002,SKU0031,STR014,2026-03-06,2026-03-16,2026-03-21,30,30,Complete
DEV0002012,POL001772,PO00355,SUP008,SKU0034,STR021,2026-03-06,2026-03-16,2026-03-20,39,39,Complete
DEV0002013,POL001773,PO00355,SUP007,SKU0037,STR004,2026-03-06,2026-03-16,2026-03-16,49,49,Complete
DEV0002014,POL001774,PO00355,SUP001,SKU0040,STR011,2026-03-06,2026-03-16,2026-03-14,115,115,Complete
DEV0002015,POL001775,PO00355,SUP012,SKU0043,STR018,2026-03-06,2026-03-16,2026-03-14,59,39,Complete
DEV0002016,POL001775,PO00355,SUP012,SKU0043,STR018,2026-03-06,2026-03-16,2026-03-15,59,20,Complete
DEV0002017,POL001776,PO00356,SUP006,SKU0046,STR001,2026-03-06,2026-03-16,2026-03-14,40,40,Complete
DEV0002018,POL001777,PO00356,SUP012,SKU0049,STR008,2026-03-06,2026-03-16,2026-03-16,116,116,Complete
DEV0002019,POL001778,PO00356,SUP011,SKU0052,STR015,2026-03-06,2026-03-16,2026-03-15,138,138,Complete
DEV0002020,POL001779,PO00356,SUP005,SKU0055,STR022,2026-03-06,2026-03-16,2026-03-14,51,51,Complete
DEV0002021,POL001780,PO00356,SUP004,SKU0058,STR005,2026-03-06,2026-03-16,2026-03-16,66,66,Complete
DEV0002022,POL001781,PO00357,SUP010,SKU0061,STR012,2026-03-06,2026-03-16,2026-03-15,94,94,Complete
DEV0002023,POL001782,PO00357,SUP009,SKU0064,STR019,2026-03-06,2026-03-16,2026-03-15,99,71,Complete
DEV0002024,POL001782,PO00357,SUP009,SKU0064,STR019,2026-03-06,2026-03-16,2026-03-16,99,28,Complete
DEV0002025,POL001783,PO00357,SUP003,SKU0067,STR002,2026-03-06,2026-03-16,2026-03-16,127,127,Complete
DEV0002026,POL001784,PO00357,SUP009,SKU0070,STR009,2026-03-06,2026-03-16,2026-03-13,60,45,Complete
DEV0002027,POL001784,PO00357,SUP009,SKU0070,STR009,2026-03-06,2026-03-16,2026-03-14,60,15,Complete
DEV0002028,POL001785,PO00357,SUP008,SKU0073,STR016,2026-03-06,2026-03-16,2026-03-16,40,40,Complete
DEV0002029,POL001786,PO00358,SUP002,SKU0076,STR023,2026-03-06,2026-03-16,2026-03-15,103,103,Complete
DEV0002030,POL001787,PO00358,SUP001,SKU0079,STR006,2026-03-06,2026-03-16,2026-03-16,99,99,Complete
DEV0002031,POL001788,PO00358,SUP007,SKU0082,STR013,2026-03-06,2026-03-16,2026-03-16,93,93,Complete
DEV0002032,POL001789,PO00358,SUP006,SKU0085,STR020,2026-03-06,2026-03-16,2026-03-14,110,59,Complete
DEV0002033,POL001789,PO00358,SUP006,SKU0085,STR020,2026-03-06,2026-03-16,2026-03-15,110,51,Complete
DEV0002034,POL001790,PO00358,SUP012,SKU0088,STR003,2026-03-06,2026-03-16,2026-03-16,58,58,Complete
DEV0002035,POL001791,PO00359,SUP006,SKU0091,STR010,2026-03-06,2026-03-16,2026-03-15,41,41,Complete
DEV0002036,POL001792,PO00359,SUP005,SKU0094,STR017,2026-03-06,2026-03-16,2026-03-14,108,108,Complete
DEV0002037,POL001793,PO00359,SUP006,SKU0003,STR024,2026-03-13,2026-03-23,2026-03-23,92,92,Complete
DEV0002038,POL001794,PO00359,SUP012,SKU0006,STR007,2026-03-13,2026-03-23,2026-03-21,35,35,Complete
DEV0002039,POL001795,PO00359,SUP011,SKU0009,STR014,2026-03-13,2026-03-23,2026-03-21,123,123,Complete
DEV0002040,POL001796,PO00360,SUP005,SKU0012,STR021,2026-03-13,2026-03-23,2026-03-23,94,94,Complete
DEV0002041,POL001797,PO00360,SUP004,SKU0015,STR004,2026-03-13,2026-03-23,2026-03-23,37,37,Complete
DEV0002042,POL001798,PO00360,SUP010,SKU0018,STR011,2026-03-13,2026-03-23,2026-03-22,87,87,Complete
DEV0002043,POL001799,PO00360,SUP004,SKU0021,STR018,2026-03-13,2026-03-23,2026-03-23,48,48,Complete
DEV0002044,POL001800,PO00360,SUP003,SKU0024,STR001,2026-03-13,2026-03-23,2026-03-21,55,55,Complete
DEV0002045,POL001801,PO00361,SUP009,SKU0027,STR008,2026-03-13,2026-03-23,2026-03-22,73,73,Complete
DEV0002046,POL001802,PO00361,SUP008,SKU0030,STR015,2026-03-13,2026-03-23,2026-03-21,93,48,Complete
DEV0002047,POL001802,PO00361,SUP008,SKU0030,STR015,2026-03-13,2026-03-23,2026-03-22,93,45,Complete
DEV0002048,POL001803,PO00361,SUP002,SKU0033,STR022,2026-03-13,2026-03-23,2026-03-23,28,28,Complete
DEV0002049,POL001804,PO00361,SUP001,SKU0036,STR005,2026-03-13,2026-03-23,2026-03-23,24,24,Complete
DEV0002050,POL001805,PO00361,SUP007,SKU0039,STR012,2026-03-13,2026-03-23,2026-03-21,132,132,Complete
DEV0002051,POL001806,PO00362,SUP001,SKU0042,STR019,2026-03-13,2026-03-23,2026-03-23,112,112,Complete
DEV0002052,POL001807,PO00362,SUP012,SKU0045,STR002,2026-03-13,2026-03-23,2026-03-22,118,118,Complete
DEV0002053,POL001808,PO00362,SUP006,SKU0048,STR009,2026-03-13,2026-03-23,2026-03-22,55,41,Partially Received
DEV0002054,POL001809,PO00362,SUP005,SKU0051,STR016,2026-03-13,2026-03-23,2026-03-23,35,35,Complete
DEV0002055,POL001810,PO00362,SUP011,SKU0054,STR023,2026-03-13,2026-03-23,2026-03-22,55,55,Complete
DEV0002056,POL001811,PO00363,SUP010,SKU0057,STR006,2026-03-13,2026-03-23,2026-03-22,79,55,Complete
DEV0002057,POL001811,PO00363,SUP010,SKU0057,STR006,2026-03-13,2026-03-23,2026-03-23,79,24,Complete
DEV0002058,POL001812,PO00363,SUP004,SKU0060,STR013,2026-03-13,2026-03-23,2026-03-22,81,81,Complete
DEV0002059,POL001813,PO00363,SUP010,SKU0063,STR020,2026-03-13,2026-03-23,2026-03-23,57,57,Complete
DEV0002060,POL001814,PO00363,SUP009,SKU0066,STR003,2026-03-13,2026-03-23,2026-03-23,78,78,Complete
DEV0002061,POL001815,PO00363,SUP003,SKU0069,STR010,2026-03-13,2026-03-23,2026-03-22,53,53,Complete
DEV0002062,POL001816,PO00364,SUP002,SKU0072,STR017,2026-03-13,2026-03-23,2026-03-23,134,134,Complete
DEV0002063,POL001817,PO00364,SUP008,SKU0075,STR024,2026-03-13,2026-03-23,2026-03-22,34,34,Complete
DEV0002064,POL001818,PO00364,SUP007,SKU0078,STR007,2026-03-13,2026-03-23,2026-03-22,108,108,Complete
DEV0002065,POL001819,PO00364,SUP001,SKU0081,STR014,2026-03-13,2026-03-23,2026-03-22,29,29,Complete
DEV0002066,POL001820,PO00364,SUP007,SKU0084,STR021,2026-03-13,2026-03-23,2026-03-23,97,97,Complete
DEV0002067,POL001821,PO00365,SUP006,SKU0087,STR004,2026-03-13,2026-03-23,2026-03-21,29,29,Complete
DEV0002068,POL001822,PO00365,SUP012,SKU0090,STR011,2026-03-13,2026-03-23,2026-03-20,108,53,Complete
DEV0002069,POL001822,PO00365,SUP012,SKU0090,STR011,2026-03-13,2026-03-23,2026-03-21,108,55,Complete
DEV0002070,POL001823,PO00365,SUP011,SKU0093,STR018,2026-03-13,2026-03-23,2026-03-23,106,106,Complete
DEV0002071,POL001824,PO00365,SUP005,SKU0096,STR001,2026-03-13,2026-03-23,2026-03-21,120,120,Complete
DEV0002072,POL001825,PO00365,SUP012,SKU0002,STR008,2026-03-20,2026-03-30,2026-03-28,59,59,Complete
DEV0002073,POL001826,PO00366,SUP006,SKU0005,STR015,2026-03-20,2026-03-30,2026-03-28,105,54,Complete
DEV0002074,POL001826,PO00366,SUP006,SKU0005,STR015,2026-03-20,2026-03-30,2026-03-29,105,51,Complete
DEV0002075,POL001827,PO00366,SUP005,SKU0008,STR022,2026-03-20,2026-03-30,2026-04-01,66,36,Partially Received
DEV0002076,POL001827,PO00366,SUP005,SKU0008,STR022,2026-03-20,2026-03-30,2026-04-02,66,20,Partially Received
DEV0002077,POL001828,PO00366,SUP011,SKU0011,STR005,2026-03-20,2026-03-30,2026-03-30,136,136,Complete
DEV0002078,POL001829,PO00366,SUP005,SKU0014,STR012,2026-03-20,2026-03-30,2026-03-30,31,31,Complete
DEV0002079,POL001830,PO00366,SUP004,SKU0017,STR019,2026-03-20,2026-03-30,2026-03-30,36,36,Complete
DEV0002080,POL001831,PO00367,SUP010,SKU0020,STR002,2026-03-20,2026-03-30,2026-03-30,75,75,Complete
DEV0002081,POL001832,PO00367,SUP009,SKU0023,STR009,2026-03-20,2026-03-30,2026-03-30,107,107,Complete
DEV0002082,POL001833,PO00367,SUP003,SKU0026,STR016,2026-03-20,2026-03-30,2026-03-30,107,107,Complete
DEV0002083,POL001834,PO00367,SUP002,SKU0029,STR023,2026-03-20,2026-03-30,2026-03-29,27,27,Complete
DEV0002084,POL001835,PO00367,SUP008,SKU0032,STR006,2026-03-20,2026-03-30,2026-03-28,126,126,Complete
DEV0002085,POL001836,PO00368,SUP002,SKU0035,STR013,2026-03-20,2026-03-30,2026-03-29,125,93,Complete
DEV0002086,POL001836,PO00368,SUP002,SKU0035,STR013,2026-03-20,2026-03-30,2026-03-30,125,32,Complete
DEV0002087,POL001837,PO00368,SUP001,SKU0038,STR020,2026-03-20,2026-03-30,2026-03-30,26,21,Partially Received
DEV0002088,POL001838,PO00368,SUP007,SKU0041,STR003,2026-03-20,2026-03-30,2026-04-03,98,68,Partially Received
DEV0002089,POL001839,PO00368,SUP006,SKU0044,STR010,2026-03-20,2026-03-30,2026-03-28,36,36,Complete
DEV0002090,POL001840,PO00368,SUP012,SKU0047,STR017,2026-03-20,2026-03-30,2026-03-28,84,84,Complete
DEV0002091,POL001841,PO00369,SUP011,SKU0050,STR024,2026-03-20,2026-03-30,2026-03-28,72,72,Complete
DEV0002092,POL001842,PO00369,SUP005,SKU0053,STR007,2026-03-20,2026-03-30,2026-03-28,74,74,Complete
DEV0002093,POL001843,PO00369,SUP011,SKU0056,STR014,2026-03-20,2026-03-30,2026-03-29,84,84,Complete
DEV0002094,POL001844,PO00369,SUP010,SKU0059,STR021,2026-03-20,2026-03-30,2026-03-29,87,87,Complete
DEV0002095,POL001845,PO00369,SUP004,SKU0062,STR004,2026-03-20,2026-03-30,2026-03-30,130,130,Complete
DEV0002096,POL001846,PO00370,SUP003,SKU0065,STR011,2026-03-20,2026-03-30,2026-03-29,69,69,Complete
DEV0002097,POL001847,PO00370,SUP009,SKU0068,STR018,2026-03-20,2026-03-30,2026-03-28,90,68,Partially Received
DEV0002098,POL001848,PO00370,SUP008,SKU0071,STR001,2026-03-20,2026-03-30,2026-03-29,58,58,Complete
DEV0002099,POL001849,PO00370,SUP002,SKU0074,STR008,2026-03-20,2026-03-30,2026-03-28,103,103,Complete
DEV0002100,POL001850,PO00370,SUP008,SKU0077,STR015,2026-03-20,2026-03-30,2026-03-29,117,75,Complete
DEV0002101,POL001850,PO00370,SUP008,SKU0077,STR015,2026-03-20,2026-03-30,2026-03-30,117,42,Complete
DEV0002102,POL001851,PO00371,SUP007,SKU0080,STR022,2026-03-20,2026-03-30,2026-03-28,139,139,Complete
DEV0002103,POL001852,PO00371,SUP001,SKU0083,STR005,2026-03-20,2026-03-30,2026-03-29,99,99,Complete
DEV0002104,POL001853,PO00371,SUP012,SKU0086,STR012,2026-03-20,2026-03-30,2026-03-28,114,114,Complete
DEV0002105,POL001854,PO00371,SUP006,SKU0089,STR019,2026-03-20,2026-03-30,2026-03-28,112,88,Partially Received
DEV0002106,POL001855,PO00371,SUP005,SKU0092,STR002,2026-03-20,2026-03-30,2026-03-29,34,31,Partially Received
DEV0002107,POL001856,PO00372,SUP011,SKU0095,STR009,2026-03-20,2026-03-30,2026-03-28,121,121,Complete
DEV0002108,POL001857,PO00372,SUP006,SKU0001,STR016,2026-03-27,2026-04-06,2026-04-04,39,39,Complete
DEV0002109,POL001858,PO00372,SUP012,SKU0004,STR023,2026-03-27,2026-04-06,2026-04-04,119,80,Complete
DEV0002110,POL001858,PO00372,SUP012,SKU0004,STR023,2026-03-27,2026-04-06,2026-04-05,119,39,Complete
DEV0002111,POL001859,PO00372,SUP006,SKU0007,STR006,2026-03-27,2026-04-06,2026-04-06,57,57,Complete
DEV0002112,POL001860,PO00372,SUP005,SKU0010,STR013,2026-03-27,2026-04-06,2026-04-06,71,71,Complete
DEV0002113,POL001861,PO00373,SUP011,SKU0013,STR020,2026-03-27,2026-04-06,2026-04-08,39,39,Complete
DEV0002114,POL001862,PO00373,SUP010,SKU0016,STR003,2026-03-27,2026-04-06,2026-04-06,122,122,Complete
DEV0002115,POL001863,PO00373,SUP004,SKU0019,STR010,2026-03-27,2026-04-06,2026-04-06,116,116,Complete
DEV0002116,POL001864,PO00373,SUP003,SKU0022,STR017,2026-03-27,2026-04-06,2026-04-06,99,99,Complete
DEV0002117,POL001865,PO00373,SUP009,SKU0025,STR024,2026-03-27,2026-04-06,2026-04-05,106,106,Complete
DEV0002118,POL001866,PO00374,SUP003,SKU0028,STR007,2026-03-27,2026-04-06,2026-04-05,107,107,Complete
DEV0002119,POL001867,PO00374,SUP002,SKU0031,STR014,2026-03-27,2026-04-06,2026-04-06,72,72,Complete
DEV0002120,POL001868,PO00374,SUP008,SKU0034,STR021,2026-03-27,2026-04-06,2026-04-05,38,38,Complete
DEV0002121,POL001869,PO00374,SUP007,SKU0037,STR004,2026-03-27,2026-04-06,2026-04-06,113,113,Complete
DEV0002122,POL001870,PO00374,SUP001,SKU0040,STR011,2026-03-27,2026-04-06,2026-04-06,63,63,Complete
DEV0002123,POL001871,PO00375,SUP012,SKU0043,STR018,2026-03-27,2026-04-06,2026-04-04,104,104,Complete
DEV0002124,POL001872,PO00375,SUP006,SKU0046,STR001,2026-03-27,2026-04-06,2026-04-04,92,92,Complete
DEV0002125,POL001873,PO00375,SUP012,SKU0049,STR008,2026-03-27,2026-04-06,2026-04-05,31,31,Complete
DEV0002126,POL001874,PO00375,SUP011,SKU0052,STR015,2026-03-27,2026-04-06,2026-04-06,39,39,Complete
DEV0002127,POL001875,PO00375,SUP005,SKU0055,STR022,2026-03-27,2026-04-06,2026-04-05,28,28,Complete
DEV0002128,POL001876,PO00376,SUP004,SKU0058,STR005,2026-03-27,2026-04-06,2026-04-06,63,63,Complete
DEV0002129,POL001877,PO00376,SUP010,SKU0061,STR012,2026-03-27,2026-04-06,2026-04-05,108,69,Complete
DEV0002130,POL001877,PO00376,SUP010,SKU0061,STR012,2026-03-27,2026-04-06,2026-04-06,108,39,Complete
DEV0002131,POL001878,PO00376,SUP009,SKU0064,STR019,2026-03-27,2026-04-06,2026-04-05,35,35,Complete
DEV0002132,POL001879,PO00376,SUP003,SKU0067,STR002,2026-03-27,2026-04-06,2026-04-04,56,56,Complete
DEV0002133,POL001880,PO00376,SUP009,SKU0070,STR009,2026-03-27,2026-04-06,2026-04-05,110,110,Complete
DEV0002134,POL001881,PO00377,SUP008,SKU0073,STR016,2026-03-27,2026-04-06,2026-04-06,92,92,Complete
DEV0002135,POL001882,PO00377,SUP002,SKU0076,STR023,2026-03-27,2026-04-06,2026-04-05,139,139,Complete
DEV0002136,POL001883,PO00377,SUP001,SKU0079,STR006,2026-03-27,2026-04-06,2026-04-08,30,30,Complete
DEV0002137,POL001884,PO00377,SUP007,SKU0082,STR013,2026-03-27,2026-04-06,2026-04-05,58,29,Complete
DEV0002138,POL001884,PO00377,SUP007,SKU0082,STR013,2026-03-27,2026-04-06,2026-04-06,58,29,Complete
DEV0002139,POL001885,PO00377,SUP006,SKU0085,STR020,2026-03-27,2026-04-06,2026-04-06,132,132,Complete
DEV0002140,POL001886,PO00378,SUP012,SKU0088,STR003,2026-03-27,2026-04-06,2026-04-06,37,37,Complete
DEV0002141,POL001887,PO00378,SUP006,SKU0091,STR010,2026-03-27,2026-04-06,2026-04-05,70,70,Complete
DEV0002142,POL001888,PO00378,SUP005,SKU0094,STR017,2026-03-27,2026-04-06,2026-04-04,76,76,Complete
DEV0002143,POL001889,PO00378,SUP006,SKU0003,STR024,2026-04-03,2026-04-13,2026-04-11,65,48,Partially Received
DEV0002144,POL001890,PO00378,SUP012,SKU0006,STR007,2026-04-03,2026-04-13,2026-04-13,29,29,Complete
DEV0002145,POL001891,PO00379,SUP011,SKU0009,STR014,2026-04-03,2026-04-13,2026-04-11,47,47,Complete
DEV0002146,POL001892,PO00379,SUP005,SKU0012,STR021,2026-04-03,2026-04-13,2026-04-11,128,128,Complete
DEV0002147,POL001893,PO00379,SUP004,SKU0015,STR004,2026-04-03,2026-04-13,2026-04-11,36,36,Complete
DEV0002148,POL001894,PO00379,SUP010,SKU0018,STR011,2026-04-03,2026-04-13,2026-04-11,59,42,Complete
DEV0002149,POL001894,PO00379,SUP010,SKU0018,STR011,2026-04-03,2026-04-13,2026-04-12,59,17,Complete
DEV0002150,POL001895,PO00379,SUP004,SKU0021,STR018,2026-04-03,2026-04-13,2026-04-12,74,74,Complete
DEV0002151,POL001896,PO00380,SUP003,SKU0024,STR001,2026-04-03,2026-04-13,2026-04-13,30,30,Complete
DEV0002152,POL001897,PO00380,SUP009,SKU0027,STR008,2026-04-03,2026-04-13,2026-04-12,56,56,Complete
DEV0002153,POL001898,PO00380,SUP008,SKU0030,STR015,2026-04-03,2026-04-13,2026-04-12,59,59,Complete
DEV0002154,POL001899,PO00380,SUP002,SKU0033,STR022,2026-04-03,2026-04-13,2026-04-13,137,106,Partially Received
DEV0002155,POL001900,PO00380,SUP001,SKU0036,STR005,2026-04-03,2026-04-13,2026-04-12,105,105,Complete
DEV0002156,POL001901,PO00381,SUP007,SKU0039,STR012,2026-04-03,2026-04-13,2026-04-12,30,30,Complete
DEV0002157,POL001902,PO00381,SUP001,SKU0042,STR019,2026-04-03,2026-04-13,2026-04-11,38,38,Complete
DEV0002158,POL001903,PO00381,SUP012,SKU0045,STR002,2026-04-03,2026-04-13,2026-04-12,51,51,Complete
DEV0002159,POL001904,PO00381,SUP006,SKU0048,STR009,2026-04-03,2026-04-13,2026-04-12,132,132,Complete
DEV0002160,POL001905,PO00381,SUP005,SKU0051,STR016,2026-04-03,2026-04-13,2026-04-15,73,73,Complete
DEV0002161,POL001906,PO00382,SUP011,SKU0054,STR023,2026-04-03,2026-04-13,2026-04-16,27,27,Complete
DEV0002162,POL001907,PO00382,SUP010,SKU0057,STR006,2026-04-03,2026-04-13,2026-04-12,100,100,Complete
DEV0002163,POL001908,PO00382,SUP004,SKU0060,STR013,2026-04-03,2026-04-13,2026-04-11,82,38,Complete
DEV0002164,POL001908,PO00382,SUP004,SKU0060,STR013,2026-04-03,2026-04-13,2026-04-12,82,44,Complete
DEV0002165,POL001909,PO00382,SUP010,SKU0063,STR020,2026-04-03,2026-04-13,2026-04-13,24,24,Complete
DEV0002166,POL001910,PO00382,SUP009,SKU0066,STR003,2026-04-03,2026-04-13,2026-04-12,133,94,Complete
DEV0002167,POL001910,PO00382,SUP009,SKU0066,STR003,2026-04-03,2026-04-13,2026-04-13,133,39,Complete
DEV0002168,POL001911,PO00383,SUP003,SKU0069,STR010,2026-04-03,2026-04-13,2026-04-11,90,90,Complete
DEV0002169,POL001912,PO00383,SUP002,SKU0072,STR017,2026-04-03,2026-04-13,2026-04-11,52,27,Complete
DEV0002170,POL001912,PO00383,SUP002,SKU0072,STR017,2026-04-03,2026-04-13,2026-04-12,52,25,Complete
DEV0002171,POL001913,PO00383,SUP008,SKU0075,STR024,2026-04-03,2026-04-13,2026-04-10,118,57,Partially Received
DEV0002172,POL001913,PO00383,SUP008,SKU0075,STR024,2026-04-03,2026-04-13,2026-04-11,118,25,Partially Received
DEV0002173,POL001914,PO00383,SUP007,SKU0078,STR007,2026-04-03,2026-04-13,2026-04-11,54,26,Complete
DEV0002174,POL001914,PO00383,SUP007,SKU0078,STR007,2026-04-03,2026-04-13,2026-04-12,54,28,Complete
DEV0002175,POL001915,PO00383,SUP001,SKU0081,STR014,2026-04-03,2026-04-13,2026-04-11,38,30,Partially Received
DEV0002176,POL001916,PO00384,SUP007,SKU0084,STR021,2026-04-03,2026-04-13,2026-04-13,124,92,Partially Received
DEV0002177,POL001917,PO00384,SUP006,SKU0087,STR004,2026-04-03,2026-04-13,2026-04-11,122,122,Complete
DEV0002178,POL001918,PO00384,SUP012,SKU0090,STR011,2026-04-03,2026-04-13,2026-04-10,71,34,Complete
DEV0002179,POL001918,PO00384,SUP012,SKU0090,STR011,2026-04-03,2026-04-13,2026-04-11,71,37,Complete
DEV0002180,POL001919,PO00384,SUP011,SKU0093,STR018,2026-04-03,2026-04-13,2026-04-12,26,26,Complete
DEV0002181,POL001920,PO00384,SUP005,SKU0096,STR001,2026-04-03,2026-04-13,2026-04-11,121,121,Complete
DEV0002182,POL001921,PO00385,SUP012,SKU0002,STR008,2026-04-10,2026-04-20,2026-04-20,29,29,Complete
DEV0002183,POL001922,PO00385,SUP006,SKU0005,STR015,2026-04-10,2026-04-20,2026-04-18,90,90,Complete
DEV0002184,POL001923,PO00385,SUP005,SKU0008,STR022,2026-04-10,2026-04-20,2026-04-19,29,29,Complete
DEV0002185,POL001924,PO00385,SUP011,SKU0011,STR005,2026-04-10,2026-04-20,2026-04-20,90,90,Complete
DEV0002186,POL001925,PO00385,SUP005,SKU0014,STR012,2026-04-10,2026-04-20,2026-04-19,58,58,Complete
DEV0002187,POL001926,PO00386,SUP004,SKU0017,STR019,2026-04-10,2026-04-20,2026-04-18,78,78,Complete
DEV0002188,POL001927,PO00386,SUP010,SKU0020,STR002,2026-04-10,2026-04-20,2026-04-18,127,60,Complete
DEV0002189,POL001927,PO00386,SUP010,SKU0020,STR002,2026-04-10,2026-04-20,2026-04-19,127,67,Complete
DEV0002190,POL001928,PO00386,SUP009,SKU0023,STR009,2026-04-10,2026-04-20,2026-04-19,110,95,Partially Received
DEV0002191,POL001929,PO00386,SUP003,SKU0026,STR016,2026-04-10,2026-04-20,2026-04-17,59,33,Complete
DEV0002192,POL001929,PO00386,SUP003,SKU0026,STR016,2026-04-10,2026-04-20,2026-04-18,59,26,Complete
DEV0002193,POL001930,PO00386,SUP002,SKU0029,STR023,2026-04-10,2026-04-20,2026-04-20,116,116,Complete
DEV0002194,POL001931,PO00387,SUP008,SKU0032,STR006,2026-04-10,2026-04-20,2026-04-20,82,82,Complete
DEV0002195,POL001932,PO00387,SUP002,SKU0035,STR013,2026-04-10,2026-04-20,2026-04-19,98,98,Complete
DEV0002196,POL001933,PO00387,SUP001,SKU0038,STR020,2026-04-10,2026-04-20,2026-04-20,46,46,Complete
DEV0002197,POL001934,PO00387,SUP007,SKU0041,STR003,2026-04-10,2026-04-20,2026-04-19,124,124,Complete
DEV0002198,POL001935,PO00387,SUP006,SKU0044,STR010,2026-04-10,2026-04-20,2026-04-18,65,65,Complete
DEV0002199,POL001936,PO00388,SUP012,SKU0047,STR017,2026-04-10,2026-04-20,2026-04-18,134,134,Complete
DEV0002200,POL001937,PO00388,SUP011,SKU0050,STR024,2026-04-10,2026-04-20,2026-04-18,65,65,Complete
DEV0002201,POL001938,PO00388,SUP005,SKU0053,STR007,2026-04-10,2026-04-20,2026-04-18,25,19,Partially Received
DEV0002202,POL001939,PO00388,SUP011,SKU0056,STR014,2026-04-10,2026-04-20,2026-04-19,56,56,Complete
DEV0002203,POL001940,PO00388,SUP010,SKU0059,STR021,2026-04-10,2026-04-20,2026-04-18,136,136,Complete
DEV0002204,POL001941,PO00389,SUP004,SKU0062,STR004,2026-04-10,2026-04-20,2026-04-17,77,36,Complete
DEV0002205,POL001941,PO00389,SUP004,SKU0062,STR004,2026-04-10,2026-04-20,2026-04-18,77,41,Complete
DEV0002206,POL001942,PO00389,SUP003,SKU0065,STR011,2026-04-10,2026-04-20,2026-04-18,72,72,Complete
DEV0002207,POL001943,PO00389,SUP009,SKU0068,STR018,2026-04-10,2026-04-20,2026-04-20,28,28,Complete
DEV0002208,POL001944,PO00389,SUP008,SKU0071,STR001,2026-04-10,2026-04-20,2026-04-19,136,69,Complete
DEV0002209,POL001944,PO00389,SUP008,SKU0071,STR001,2026-04-10,2026-04-20,2026-04-20,136,67,Complete
DEV0002210,POL001945,PO00389,SUP002,SKU0074,STR008,2026-04-10,2026-04-20,2026-04-19,70,70,Complete
DEV0002211,POL001946,PO00390,SUP008,SKU0077,STR015,2026-04-10,2026-04-20,2026-04-20,59,59,Complete
DEV0002212,POL001947,PO00390,SUP007,SKU0080,STR022,2026-04-10,2026-04-20,2026-04-18,134,134,Complete
DEV0002213,POL001948,PO00390,SUP001,SKU0083,STR005,2026-04-10,2026-04-20,2026-04-20,129,129,Complete
DEV0002214,POL001949,PO00390,SUP012,SKU0086,STR012,2026-04-10,2026-04-20,2026-04-17,139,86,Complete
DEV0002215,POL001949,PO00390,SUP012,SKU0086,STR012,2026-04-10,2026-04-20,2026-04-18,139,53,Complete
DEV0002216,POL001950,PO00390,SUP006,SKU0089,STR019,2026-04-10,2026-04-20,2026-04-19,40,40,Complete
DEV0002217,POL001951,PO00391,SUP005,SKU0092,STR002,2026-04-10,2026-04-20,2026-04-17,126,88,Complete
DEV0002218,POL001951,PO00391,SUP005,SKU0092,STR002,2026-04-10,2026-04-20,2026-04-18,126,38,Complete
DEV0002219,POL001952,PO00391,SUP011,SKU0095,STR009,2026-04-10,2026-04-20,2026-04-22,129,129,Complete
DEV0002220,POL001953,PO00391,SUP006,SKU0001,STR016,2026-04-17,2026-04-27,2026-04-26,100,100,Complete
DEV0002221,POL001954,PO00391,SUP012,SKU0004,STR023,2026-04-17,2026-04-27,2026-04-25,69,69,Complete
DEV0002222,POL001955,PO00391,SUP006,SKU0007,STR006,2026-04-17,2026-04-27,2026-04-26,139,116,Partially Received
DEV0002223,POL001956,PO00392,SUP005,SKU0010,STR013,2026-04-17,2026-04-27,2026-04-25,71,49,Complete
DEV0002224,POL001956,PO00392,SUP005,SKU0010,STR013,2026-04-17,2026-04-27,2026-04-26,71,22,Complete
DEV0002225,POL001957,PO00392,SUP011,SKU0013,STR020,2026-04-17,2026-04-27,2026-04-26,52,52,Complete
DEV0002226,POL001958,PO00392,SUP010,SKU0016,STR003,2026-04-17,2026-04-27,2026-04-26,133,133,Complete
DEV0002227,POL001959,PO00392,SUP004,SKU0019,STR010,2026-04-17,2026-04-27,2026-04-25,108,108,Complete
DEV0002228,POL001960,PO00392,SUP003,SKU0022,STR017,2026-04-17,2026-04-27,2026-04-25,62,62,Complete
DEV0002229,POL001961,PO00393,SUP009,SKU0025,STR024,2026-04-17,2026-04-27,2026-04-24,100,51,Complete
DEV0002230,POL001961,PO00393,SUP009,SKU0025,STR024,2026-04-17,2026-04-27,2026-04-25,100,49,Complete
DEV0002231,POL001962,PO00393,SUP003,SKU0028,STR007,2026-04-17,2026-04-27,2026-04-26,118,76,Complete
DEV0002232,POL001962,PO00393,SUP003,SKU0028,STR007,2026-04-17,2026-04-27,2026-04-27,118,42,Complete
DEV0002233,POL001963,PO00393,SUP002,SKU0031,STR014,2026-04-17,2026-04-27,2026-05-01,90,90,Complete
DEV0002234,POL001964,PO00393,SUP008,SKU0034,STR021,2026-04-17,2026-04-27,2026-04-25,60,43,Complete
DEV0002235,POL001964,PO00393,SUP008,SKU0034,STR021,2026-04-17,2026-04-27,2026-04-26,60,17,Complete
DEV0002236,POL001965,PO00393,SUP007,SKU0037,STR004,2026-04-17,2026-04-27,2026-04-26,50,50,Complete
DEV0002237,POL001966,PO00394,SUP001,SKU0040,STR011,2026-04-17,2026-04-27,2026-04-27,66,66,Complete
DEV0002238,POL001967,PO00394,SUP012,SKU0043,STR018,2026-04-17,2026-04-27,2026-05-01,63,34,Complete
DEV0002239,POL001967,PO00394,SUP012,SKU0043,STR018,2026-04-17,2026-04-27,2026-05-02,63,29,Complete
DEV0002240,POL001968,PO00394,SUP006,SKU0046,STR001,2026-04-17,2026-04-27,2026-04-26,59,59,Complete
DEV0002241,POL001969,PO00394,SUP012,SKU0049,STR008,2026-04-17,2026-04-27,2026-04-26,62,62,Complete
DEV0002242,POL001970,PO00394,SUP011,SKU0052,STR015,2026-04-17,2026-04-27,2026-04-25,30,30,Complete
DEV0002243,POL001971,PO00395,SUP005,SKU0055,STR022,2026-04-17,2026-04-27,2026-04-27,33,33,Complete
DEV0002244,POL001972,PO00395,SUP004,SKU0058,STR005,2026-04-17,2026-04-27,2026-04-25,138,92,Complete
DEV0002245,POL001972,PO00395,SUP004,SKU0058,STR005,2026-04-17,2026-04-27,2026-04-26,138,46,Complete
DEV0002246,POL001973,PO00395,SUP010,SKU0061,STR012,2026-04-17,2026-04-27,2026-04-25,124,92,Complete
DEV0002247,POL001973,PO00395,SUP010,SKU0061,STR012,2026-04-17,2026-04-27,2026-04-26,124,32,Complete
DEV0002248,POL001974,PO00395,SUP009,SKU0064,STR019,2026-04-17,2026-04-27,2026-04-26,84,84,Complete
DEV0002249,POL001975,PO00395,SUP003,SKU0067,STR002,2026-04-17,2026-04-27,2026-04-25,41,41,Complete
DEV0002250,POL001976,PO00396,SUP009,SKU0070,STR009,2026-04-17,2026-04-27,2026-04-26,49,49,Complete
DEV0002251,POL001977,PO00396,SUP008,SKU0073,STR016,2026-04-17,2026-04-27,2026-04-25,70,70,Complete
DEV0002252,POL001978,PO00396,SUP002,SKU0076,STR023,2026-04-17,2026-04-27,2026-04-27,50,50,Complete
DEV0002253,POL001979,PO00396,SUP001,SKU0079,STR006,2026-04-17,2026-04-27,2026-04-26,136,136,Complete
DEV0002254,POL001980,PO00396,SUP007,SKU0082,STR013,2026-04-17,2026-04-27,2026-04-25,61,61,Complete
DEV0002255,POL001981,PO00397,SUP006,SKU0085,STR020,2026-04-17,2026-04-27,2026-04-26,50,50,Complete
DEV0002256,POL001982,PO00397,SUP012,SKU0088,STR003,2026-04-17,2026-04-27,2026-04-29,64,64,Complete
DEV0002257,POL001983,PO00397,SUP006,SKU0091,STR010,2026-04-17,2026-04-27,2026-04-25,103,103,Complete
DEV0002258,POL001984,PO00397,SUP005,SKU0094,STR017,2026-04-17,2026-04-27,2026-04-27,78,78,Complete
DEV0002259,POL001985,PO00397,SUP006,SKU0003,STR024,2026-04-24,2026-05-04,2026-05-04,67,67,Complete
DEV0002260,POL001986,PO00398,SUP012,SKU0006,STR007,2026-04-24,2026-05-04,2026-05-02,104,104,Complete
DEV0002261,POL001987,PO00398,SUP011,SKU0009,STR014,2026-04-24,2026-05-04,2026-05-04,106,106,Complete
DEV0002262,POL001988,PO00398,SUP005,SKU0012,STR021,2026-04-24,2026-05-04,2026-05-04,131,131,Complete
DEV0002263,POL001989,PO00398,SUP004,SKU0015,STR004,2026-04-24,2026-05-04,2026-05-04,97,97,Complete
DEV0002264,POL001990,PO00398,SUP010,SKU0018,STR011,2026-04-24,2026-05-04,2026-05-02,25,25,Complete
DEV0002265,POL001991,PO00399,SUP004,SKU0021,STR018,2026-04-24,2026-05-04,2026-05-02,90,90,Complete
DEV0002266,POL001992,PO00399,SUP003,SKU0024,STR001,2026-04-24,2026-05-04,2026-05-04,139,139,Complete
DEV0002267,POL001993,PO00399,SUP009,SKU0027,STR008,2026-04-24,2026-05-04,2026-05-03,61,61,Complete
DEV0002268,POL001994,PO00399,SUP008,SKU0030,STR015,2026-04-24,2026-05-04,2026-05-07,131,83,Complete
DEV0002269,POL001994,PO00399,SUP008,SKU0030,STR015,2026-04-24,2026-05-04,2026-05-08,131,48,Complete
DEV0002270,POL001995,PO00399,SUP002,SKU0033,STR022,2026-04-24,2026-05-04,2026-05-03,95,95,Complete
DEV0002271,POL001996,PO00400,SUP001,SKU0036,STR005,2026-04-24,2026-05-04,2026-05-03,130,130,Complete
DEV0002272,POL001997,PO00400,SUP007,SKU0039,STR012,2026-04-24,2026-05-04,2026-05-02,44,44,Complete
DEV0002273,POL001998,PO00400,SUP001,SKU0042,STR019,2026-04-24,2026-05-04,2026-05-02,44,44,Complete
DEV0002274,POL001999,PO00400,SUP012,SKU0045,STR002,2026-04-24,2026-05-04,2026-05-09,123,123,Complete
DEV0002275,POL002000,PO00400,SUP006,SKU0048,STR009,2026-04-24,2026-05-04,2026-05-08,132,132,Complete
DEV0002276,POL002001,PO00401,SUP005,SKU0051,STR016,2026-04-24,2026-05-04,2026-05-03,93,93,Complete
DEV0002277,POL002002,PO00401,SUP011,SKU0054,STR023,2026-04-24,2026-05-04,2026-05-03,114,114,Complete
DEV0002278,POL002003,PO00401,SUP010,SKU0057,STR006,2026-04-24,2026-05-04,2026-05-04,66,66,Complete
DEV0002279,POL002004,PO00401,SUP004,SKU0060,STR013,2026-04-24,2026-05-04,2026-05-03,39,39,Complete
DEV0002280,POL002005,PO00401,SUP010,SKU0063,STR020,2026-04-24,2026-05-04,2026-05-02,59,59,Complete
DEV0002281,POL002006,PO00402,SUP009,SKU0066,STR003,2026-04-24,2026-05-04,2026-05-03,70,65,Partially Received
DEV0002282,POL002007,PO00402,SUP003,SKU0069,STR010,2026-04-24,2026-05-04,2026-05-03,34,34,Complete
DEV0002283,POL002008,PO00402,SUP002,SKU0072,STR017,2026-04-24,2026-05-04,2026-05-02,125,125,Complete
DEV0002284,POL002009,PO00402,SUP008,SKU0075,STR024,2026-04-24,2026-05-04,2026-05-03,47,47,Complete
DEV0002285,POL002010,PO00402,SUP007,SKU0078,STR007,2026-04-24,2026-05-04,2026-05-02,72,72,Complete
DEV0002286,POL002011,PO00403,SUP001,SKU0081,STR014,2026-04-24,2026-05-04,2026-05-02,43,43,Complete
DEV0002287,POL002012,PO00403,SUP007,SKU0084,STR021,2026-04-24,2026-05-04,2026-05-02,136,136,Complete
DEV0002288,POL002013,PO00403,SUP006,SKU0087,STR004,2026-04-24,2026-05-04,2026-05-02,83,83,Complete
DEV0002289,POL002014,PO00403,SUP012,SKU0090,STR011,2026-04-24,2026-05-04,2026-05-03,90,65,Complete
DEV0002290,POL002014,PO00403,SUP012,SKU0090,STR011,2026-04-24,2026-05-04,2026-05-04,90,25,Complete
DEV0002291,POL002015,PO00403,SUP011,SKU0093,STR018,2026-04-24,2026-05-04,2026-05-03,47,47,Complete
DEV0002292,POL002016,PO00404,SUP005,SKU0096,STR001,2026-04-24,2026-05-04,2026-05-02,119,119,Complete
DEV0002293,POL002017,PO00404,SUP012,SKU0002,STR008,2026-05-01,2026-05-11,2026-05-09,134,134,Complete
DEV0002294,POL002018,PO00404,SUP006,SKU0005,STR015,2026-05-01,2026-05-11,2026-05-09,78,37,Complete
DEV0002295,POL002018,PO00404,SUP006,SKU0005,STR015,2026-05-01,2026-05-11,2026-05-10,78,41,Complete
DEV0002296,POL002019,PO00404,SUP005,SKU0008,STR022,2026-05-01,2026-05-11,2026-05-11,60,60,Complete
DEV0002297,POL002020,PO00404,SUP011,SKU0011,STR005,2026-05-01,2026-05-11,2026-05-10,38,38,Complete
DEV0002298,POL002021,PO00405,SUP005,SKU0014,STR012,2026-05-01,2026-05-11,2026-05-09,42,42,Complete
DEV0002299,POL002022,PO00405,SUP004,SKU0017,STR019,2026-05-01,2026-05-11,2026-05-11,39,39,Complete
DEV0002300,POL002023,PO00405,SUP010,SKU0020,STR002,2026-05-01,2026-05-11,2026-05-09,131,131,Complete
DEV0002301,POL002024,PO00405,SUP009,SKU0023,STR009,2026-05-01,2026-05-11,2026-05-09,113,113,Complete
DEV0002302,POL002025,PO00405,SUP003,SKU0026,STR016,2026-05-01,2026-05-11,2026-05-09,133,133,Complete
DEV0002303,POL002026,PO00406,SUP002,SKU0029,STR023,2026-05-01,2026-05-11,2026-05-11,128,128,Complete
DEV0002304,POL002027,PO00406,SUP008,SKU0032,STR006,2026-05-01,2026-05-11,2026-05-09,52,52,Complete
DEV0002305,POL002028,PO00406,SUP002,SKU0035,STR013,2026-05-01,2026-05-11,2026-05-09,103,62,Complete
DEV0002306,POL002028,PO00406,SUP002,SKU0035,STR013,2026-05-01,2026-05-11,2026-05-10,103,41,Complete
DEV0002307,POL002029,PO00406,SUP001,SKU0038,STR020,2026-05-01,2026-05-11,2026-05-09,116,116,Complete
DEV0002308,POL002030,PO00406,SUP007,SKU0041,STR003,2026-05-01,2026-05-11,2026-05-09,83,83,Complete
DEV0002309,POL002031,PO00407,SUP006,SKU0044,STR010,2026-05-01,2026-05-11,2026-05-09,95,95,Complete
DEV0002310,POL002032,PO00407,SUP012,SKU0047,STR017,2026-05-01,2026-05-11,2026-05-09,73,45,Complete
DEV0002311,POL002032,PO00407,SUP012,SKU0047,STR017,2026-05-01,2026-05-11,2026-05-10,73,28,Complete
DEV0002312,POL002033,PO00407,SUP011,SKU0050,STR024,2026-05-01,2026-05-11,2026-05-10,35,35,Complete
DEV0002313,POL002034,PO00407,SUP005,SKU0053,STR007,2026-05-01,2026-05-11,2026-05-11,119,119,Complete
DEV0002314,POL002035,PO00407,SUP011,SKU0056,STR014,2026-05-01,2026-05-11,2026-05-10,106,49,Partially Received
DEV0002315,POL002035,PO00407,SUP011,SKU0056,STR014,2026-05-01,2026-05-11,2026-05-11,106,44,Partially Received
DEV0002316,POL002036,PO00408,SUP010,SKU0059,STR021,2026-05-01,2026-05-11,2026-05-11,65,65,Complete
DEV0002317,POL002037,PO00408,SUP004,SKU0062,STR004,2026-05-01,2026-05-11,2026-05-11,112,112,Complete
DEV0002318,POL002038,PO00408,SUP003,SKU0065,STR011,2026-05-01,2026-05-11,2026-05-09,76,76,Complete
DEV0002319,POL002039,PO00408,SUP009,SKU0068,STR018,2026-05-01,2026-05-11,2026-05-10,70,49,Complete
DEV0002320,POL002039,PO00408,SUP009,SKU0068,STR018,2026-05-01,2026-05-11,2026-05-11,70,21,Complete
DEV0002321,POL002040,PO00408,SUP008,SKU0071,STR001,2026-05-01,2026-05-11,2026-05-11,35,35,Complete
DEV0002322,POL002041,PO00409,SUP002,SKU0074,STR008,2026-05-01,2026-05-11,2026-05-11,133,133,Complete
DEV0002323,POL002042,PO00409,SUP008,SKU0077,STR015,2026-05-01,2026-05-11,2026-05-10,42,42,Complete
DEV0002324,POL002043,PO00409,SUP007,SKU0080,STR022,2026-05-01,2026-05-11,2026-05-10,103,57,Complete
DEV0002325,POL002043,PO00409,SUP007,SKU0080,STR022,2026-05-01,2026-05-11,2026-05-11,103,46,Complete
DEV0002326,POL002044,PO00409,SUP001,SKU0083,STR005,2026-05-01,2026-05-11,2026-05-10,68,68,Complete
DEV0002327,POL002045,PO00409,SUP012,SKU0086,STR012,2026-05-01,2026-05-11,2026-05-09,49,49,Complete
DEV0002328,POL002046,PO00410,SUP006,SKU0089,STR019,2026-05-01,2026-05-11,2026-05-09,119,119,Complete
DEV0002329,POL002047,PO00410,SUP005,SKU0092,STR002,2026-05-01,2026-05-11,2026-05-09,65,65,Complete
DEV0002330,POL002048,PO00410,SUP011,SKU0095,STR009,2026-05-01,2026-05-11,2026-05-14,130,90,Complete
DEV0002331,POL002048,PO00410,SUP011,SKU0095,STR009,2026-05-01,2026-05-11,2026-05-15,130,40,Complete
DEV0002332,POL002049,PO00410,SUP006,SKU0001,STR016,2026-05-08,2026-05-18,2026-05-16,123,123,Complete
DEV0002333,POL002050,PO00410,SUP012,SKU0004,STR023,2026-05-08,2026-05-18,2026-05-18,138,138,Complete
DEV0002334,POL002051,PO00411,SUP006,SKU0007,STR006,2026-05-08,2026-05-18,2026-05-17,125,117,Partially Received
DEV0002335,POL002052,PO00411,SUP005,SKU0010,STR013,2026-05-08,2026-05-18,2026-05-17,55,39,Complete
DEV0002336,POL002052,PO00411,SUP005,SKU0010,STR013,2026-05-08,2026-05-18,2026-05-18,55,16,Complete
DEV0002337,POL002053,PO00411,SUP011,SKU0013,STR020,2026-05-08,2026-05-18,2026-05-18,114,114,Complete
DEV0002338,POL002054,PO00411,SUP010,SKU0016,STR003,2026-05-08,2026-05-18,2026-05-16,80,80,Complete
DEV0002339,POL002055,PO00411,SUP004,SKU0019,STR010,2026-05-08,2026-05-18,2026-05-18,139,139,Complete
DEV0002340,POL002056,PO00412,SUP003,SKU0022,STR017,2026-05-08,2026-05-18,2026-05-17,30,27,Partially Received
DEV0002341,POL002057,PO00412,SUP009,SKU0025,STR024,2026-05-08,2026-05-18,2026-05-17,136,136,Complete
DEV0002342,POL002058,PO00412,SUP003,SKU0028,STR007,2026-05-08,2026-05-18,2026-05-17,85,85,Complete
DEV0002343,POL002059,PO00412,SUP002,SKU0031,STR014,2026-05-08,2026-05-18,2026-05-17,139,139,Complete
DEV0002344,POL002060,PO00412,SUP008,SKU0034,STR021,2026-05-08,2026-05-18,2026-05-17,60,60,Complete
DEV0002345,POL002061,PO00413,SUP007,SKU0037,STR004,2026-05-08,2026-05-18,2026-05-17,34,34,Complete
DEV0002346,POL002062,PO00413,SUP001,SKU0040,STR011,2026-05-08,2026-05-18,2026-05-18,121,121,Complete
DEV0002347,POL002063,PO00413,SUP012,SKU0043,STR018,2026-05-08,2026-05-18,2026-05-22,50,39,Partially Received
DEV0002348,POL002064,PO00413,SUP006,SKU0046,STR001,2026-05-08,2026-05-18,2026-05-18,103,103,Complete
DEV0002349,POL002065,PO00413,SUP012,SKU0049,STR008,2026-05-08,2026-05-18,2026-05-18,92,92,Complete
DEV0002350,POL002066,PO00414,SUP011,SKU0052,STR015,2026-05-08,2026-05-18,2026-05-17,100,100,Complete
DEV0002351,POL002067,PO00414,SUP005,SKU0055,STR022,2026-05-08,2026-05-18,2026-05-16,55,55,Complete
DEV0002352,POL002068,PO00414,SUP004,SKU0058,STR005,2026-05-08,2026-05-18,2026-05-16,38,38,Complete
DEV0002353,POL002069,PO00414,SUP010,SKU0061,STR012,2026-05-08,2026-05-18,2026-05-16,34,34,Complete
DEV0002354,POL002070,PO00414,SUP009,SKU0064,STR019,2026-05-08,2026-05-18,2026-05-16,125,125,Complete
DEV0002355,POL002071,PO00415,SUP003,SKU0067,STR002,2026-05-08,2026-05-18,2026-05-17,68,68,Complete
DEV0002356,POL002072,PO00415,SUP009,SKU0070,STR009,2026-05-08,2026-05-18,2026-05-16,81,81,Complete
DEV0002357,POL002073,PO00415,SUP008,SKU0073,STR016,2026-05-08,2026-05-18,2026-05-18,30,30,Complete
DEV0002358,POL002074,PO00415,SUP002,SKU0076,STR023,2026-05-08,2026-05-18,2026-05-16,121,121,Complete
DEV0002359,POL002075,PO00415,SUP001,SKU0079,STR006,2026-05-08,2026-05-18,2026-05-18,64,48,Partially Received
DEV0002360,POL002076,PO00416,SUP007,SKU0082,STR013,2026-05-08,2026-05-18,2026-05-18,102,102,Complete
DEV0002361,POL002077,PO00416,SUP006,SKU0085,STR020,2026-05-08,2026-05-18,2026-05-16,63,63,Complete
DEV0002362,POL002078,PO00416,SUP012,SKU0088,STR003,2026-05-08,2026-05-18,2026-05-16,68,68,Complete
DEV0002363,POL002079,PO00416,SUP006,SKU0091,STR010,2026-05-08,2026-05-18,2026-05-16,135,135,Complete
DEV0002364,POL002080,PO00416,SUP005,SKU0094,STR017,2026-05-08,2026-05-18,2026-05-19,99,99,Complete
DEV0002365,POL002081,PO00417,SUP006,SKU0003,STR024,2026-05-15,2026-05-25,2026-05-27,104,63,Complete
DEV0002366,POL002081,PO00417,SUP006,SKU0003,STR024,2026-05-15,2026-05-25,2026-05-28,104,41,Complete
DEV0002367,POL002082,PO00417,SUP012,SKU0006,STR007,2026-05-15,2026-05-25,2026-05-22,71,46,Complete
DEV0002368,POL002082,PO00417,SUP012,SKU0006,STR007,2026-05-15,2026-05-25,2026-05-23,71,25,Complete
DEV0002369,POL002083,PO00417,SUP011,SKU0009,STR014,2026-05-15,2026-05-25,2026-05-24,33,33,Complete
DEV0002370,POL002084,PO00417,SUP005,SKU0012,STR021,2026-05-15,2026-05-25,2026-05-25,95,68,Partially Received
DEV0002371,POL002085,PO00417,SUP004,SKU0015,STR004,2026-05-15,2026-05-25,2026-05-25,83,83,Complete
DEV0002372,POL002086,PO00418,SUP010,SKU0018,STR011,2026-05-15,2026-05-25,2026-05-24,117,117,Complete
DEV0002373,POL002087,PO00418,SUP004,SKU0021,STR018,2026-05-15,2026-05-25,2026-05-23,34,34,Complete
DEV0002374,POL002088,PO00418,SUP003,SKU0024,STR001,2026-05-15,2026-05-25,2026-05-24,98,98,Complete
DEV0002375,POL002089,PO00418,SUP009,SKU0027,STR008,2026-05-15,2026-05-25,2026-05-23,44,44,Complete
DEV0002376,POL002090,PO00418,SUP008,SKU0030,STR015,2026-05-15,2026-05-25,2026-05-26,55,55,Complete
DEV0002377,POL002091,PO00419,SUP002,SKU0033,STR022,2026-05-15,2026-05-25,2026-05-23,109,109,Complete
DEV0002378,POL002092,PO00419,SUP001,SKU0036,STR005,2026-05-15,2026-05-25,2026-05-24,38,38,Complete
DEV0002379,POL002093,PO00419,SUP007,SKU0039,STR012,2026-05-15,2026-05-25,2026-05-24,28,28,Complete
DEV0002380,POL002094,PO00419,SUP001,SKU0042,STR019,2026-05-15,2026-05-25,2026-05-24,110,68,Complete
DEV0002381,POL002094,PO00419,SUP001,SKU0042,STR019,2026-05-15,2026-05-25,2026-05-25,110,42,Complete
DEV0002382,POL002095,PO00419,SUP012,SKU0045,STR002,2026-05-15,2026-05-25,2026-05-23,32,32,Complete
DEV0002383,POL002096,PO00420,SUP006,SKU0048,STR009,2026-05-15,2026-05-25,2026-05-24,82,82,Complete
DEV0002384,POL002097,PO00420,SUP005,SKU0051,STR016,2026-05-15,2026-05-25,2026-05-23,107,64,Complete
DEV0002385,POL002097,PO00420,SUP005,SKU0051,STR016,2026-05-15,2026-05-25,2026-05-24,107,43,Complete
DEV0002386,POL002098,PO00420,SUP011,SKU0054,STR023,2026-05-15,2026-05-25,2026-05-24,137,137,Complete
DEV0002387,POL002099,PO00420,SUP010,SKU0057,STR006,2026-05-15,2026-05-25,2026-05-23,61,61,Complete
DEV0002388,POL002100,PO00420,SUP004,SKU0060,STR013,2026-05-15,2026-05-25,2026-05-23,127,127,Complete
DEV0002389,POL002101,PO00421,SUP010,SKU0063,STR020,2026-05-15,2026-05-25,2026-05-25,115,115,Complete
DEV0002390,POL002102,PO00421,SUP009,SKU0066,STR003,2026-05-15,2026-05-25,2026-05-25,70,70,Complete
DEV0002391,POL002103,PO00421,SUP003,SKU0069,STR010,2026-05-15,2026-05-25,2026-05-24,55,55,Complete
DEV0002392,POL002104,PO00421,SUP002,SKU0072,STR017,2026-05-15,2026-05-25,2026-05-23,39,39,Complete
DEV0002393,POL002105,PO00421,SUP008,SKU0075,STR024,2026-05-15,2026-05-25,2026-05-24,71,43,Complete
DEV0002394,POL002105,PO00421,SUP008,SKU0075,STR024,2026-05-15,2026-05-25,2026-05-25,71,28,Complete
DEV0002395,POL002106,PO00422,SUP007,SKU0078,STR007,2026-05-15,2026-05-25,2026-05-28,29,29,Complete
DEV0002396,POL002107,PO00422,SUP001,SKU0081,STR014,2026-05-15,2026-05-25,2026-05-24,103,103,Complete
DEV0002397,POL002108,PO00422,SUP007,SKU0084,STR021,2026-05-15,2026-05-25,2026-05-23,103,60,Partially Received
DEV0002398,POL002108,PO00422,SUP007,SKU0084,STR021,2026-05-15,2026-05-25,2026-05-24,103,26,Partially Received
DEV0002399,POL002109,PO00422,SUP006,SKU0087,STR004,2026-05-15,2026-05-25,2026-05-24,140,140,Complete
DEV0002400,POL002110,PO00422,SUP012,SKU0090,STR011,2026-05-15,2026-05-25,2026-05-23,85,85,Complete
DEV0002401,POL002111,PO00423,SUP011,SKU0093,STR018,2026-05-15,2026-05-25,2026-05-24,51,51,Complete
DEV0002402,POL002112,PO00423,SUP005,SKU0096,STR001,2026-05-15,2026-05-25,2026-05-24,69,30,Partially Received
DEV0002403,POL002112,PO00423,SUP005,SKU0096,STR001,2026-05-15,2026-05-25,2026-05-25,69,21,Partially Received
DEV0002404,POL002113,PO00423,SUP012,SKU0002,STR008,2026-05-22,2026-06-01,2026-06-01,80,80,Complete
DEV0002405,POL002114,PO00423,SUP006,SKU0005,STR015,2026-05-22,2026-06-01,2026-05-29,130,73,Complete
DEV0002406,POL002114,PO00423,SUP006,SKU0005,STR015,2026-05-22,2026-06-01,2026-05-30,130,57,Complete
DEV0002407,POL002115,PO00423,SUP005,SKU0008,STR022,2026-05-22,2026-06-01,2026-05-31,27,27,Complete
DEV0002408,POL002116,PO00424,SUP011,SKU0011,STR005,2026-05-22,2026-06-01,2026-05-30,115,115,Complete
DEV0002409,POL002117,PO00424,SUP005,SKU0014,STR012,2026-05-22,2026-06-01,2026-06-01,69,69,Complete
DEV0002410,POL002118,PO00424,SUP004,SKU0017,STR019,2026-05-22,2026-06-01,2026-05-30,114,114,Complete
DEV0002411,POL002119,PO00424,SUP010,SKU0020,STR002,2026-05-22,2026-06-01,2026-05-31,85,71,Partially Received
DEV0002412,POL002120,PO00424,SUP009,SKU0023,STR009,2026-05-22,2026-06-01,2026-05-30,123,79,Complete
DEV0002413,POL002120,PO00424,SUP009,SKU0023,STR009,2026-05-22,2026-06-01,2026-05-31,123,44,Complete
DEV0002414,POL002121,PO00425,SUP003,SKU0026,STR016,2026-05-22,2026-06-01,2026-05-31,109,109,Complete
DEV0002415,POL002122,PO00425,SUP002,SKU0029,STR023,2026-05-22,2026-06-01,2026-06-05,112,112,Complete
DEV0002416,POL002123,PO00425,SUP008,SKU0032,STR006,2026-05-22,2026-06-01,2026-06-01,139,139,Complete
DEV0002417,POL002124,PO00425,SUP002,SKU0035,STR013,2026-05-22,2026-06-01,2026-06-05,102,102,Complete
DEV0002418,POL002125,PO00425,SUP001,SKU0038,STR020,2026-05-22,2026-06-01,2026-06-01,46,46,Complete
DEV0002419,POL002126,PO00426,SUP007,SKU0041,STR003,2026-05-22,2026-06-01,2026-05-30,85,85,Complete
DEV0002420,POL002127,PO00426,SUP006,SKU0044,STR010,2026-05-22,2026-06-01,2026-05-31,73,73,Complete
DEV0002421,POL002128,PO00426,SUP012,SKU0047,STR017,2026-05-22,2026-06-01,2026-05-30,50,50,Complete
DEV0002422,POL002129,PO00426,SUP011,SKU0050,STR024,2026-05-22,2026-06-01,2026-05-30,68,68,Complete
DEV0002423,POL002130,PO00426,SUP005,SKU0053,STR007,2026-05-22,2026-06-01,2026-05-31,117,117,Complete
DEV0002424,POL002131,PO00427,SUP011,SKU0056,STR014,2026-05-22,2026-06-01,2026-05-31,32,32,Complete
DEV0002425,POL002132,PO00427,SUP010,SKU0059,STR021,2026-05-22,2026-06-01,2026-06-01,34,34,Complete
DEV0002426,POL002133,PO00427,SUP004,SKU0062,STR004,2026-05-22,2026-06-01,2026-05-31,81,55,Complete
DEV0002427,POL002133,PO00427,SUP004,SKU0062,STR004,2026-05-22,2026-06-01,2026-06-01,81,26,Complete
DEV0002428,POL002134,PO00427,SUP003,SKU0065,STR011,2026-05-22,2026-06-01,2026-05-31,46,46,Complete
DEV0002429,POL002135,PO00427,SUP009,SKU0068,STR018,2026-05-22,2026-06-01,2026-06-03,36,36,Complete
DEV0002430,POL002136,PO00428,SUP008,SKU0071,STR001,2026-05-22,2026-06-01,2026-05-30,60,60,Complete
DEV0002431,POL002137,PO00428,SUP002,SKU0074,STR008,2026-05-22,2026-06-01,2026-05-29,117,86,Complete
DEV0002432,POL002137,PO00428,SUP002,SKU0074,STR008,2026-05-22,2026-06-01,2026-05-30,117,31,Complete
DEV0002433,POL002138,PO00428,SUP008,SKU0077,STR015,2026-05-22,2026-06-01,2026-05-30,80,80,Complete
DEV0002434,POL002139,PO00428,SUP007,SKU0080,STR022,2026-05-22,2026-06-01,2026-06-02,80,80,Complete
DEV0002435,POL002140,PO00428,SUP001,SKU0083,STR005,2026-05-22,2026-06-01,2026-05-31,86,86,Complete
DEV0002436,POL002141,PO00429,SUP012,SKU0086,STR012,2026-05-22,2026-06-01,2026-05-31,96,96,Complete
DEV0002437,POL002142,PO00429,SUP006,SKU0089,STR019,2026-05-22,2026-06-01,2026-05-31,48,35,Partially Received
DEV0002438,POL002143,PO00429,SUP005,SKU0092,STR002,2026-05-22,2026-06-01,2026-05-30,108,108,Complete
DEV0002439,POL002144,PO00429,SUP011,SKU0095,STR009,2026-05-22,2026-06-01,2026-05-30,108,108,Complete
DEV0002440,POL002145,PO00429,SUP006,SKU0001,STR016,2026-05-29,2026-06-08,2026-06-06,110,110,Complete
DEV0002441,POL002146,PO00430,SUP012,SKU0004,STR023,2026-05-29,2026-06-08,2026-06-07,126,126,Complete
DEV0002442,POL002147,PO00430,SUP006,SKU0007,STR006,2026-05-29,2026-06-08,2026-06-07,40,40,Complete
DEV0002443,POL002148,PO00430,SUP005,SKU0010,STR013,2026-05-29,2026-06-08,2026-06-06,86,52,Complete
DEV0002444,POL002148,PO00430,SUP005,SKU0010,STR013,2026-05-29,2026-06-08,2026-06-07,86,34,Complete
DEV0002445,POL002149,PO00430,SUP011,SKU0013,STR020,2026-05-29,2026-06-08,2026-06-08,83,47,Complete
DEV0002446,POL002149,PO00430,SUP011,SKU0013,STR020,2026-05-29,2026-06-08,2026-06-09,83,36,Complete
DEV0002447,POL002150,PO00430,SUP010,SKU0016,STR003,2026-05-29,2026-06-08,2026-06-08,54,54,Complete
DEV0002448,POL002151,PO00431,SUP004,SKU0019,STR010,2026-05-29,2026-06-08,2026-06-11,29,29,Complete
DEV0002449,POL002152,PO00431,SUP003,SKU0022,STR017,2026-05-29,2026-06-08,2026-06-06,74,74,Complete
DEV0002450,POL002153,PO00431,SUP009,SKU0025,STR024,2026-05-29,2026-06-08,2026-06-06,94,94,Complete
DEV0002451,POL002154,PO00431,SUP003,SKU0028,STR007,2026-05-29,2026-06-08,2026-06-07,73,73,Complete
DEV0002452,POL002155,PO00431,SUP002,SKU0031,STR014,2026-05-29,2026-06-08,2026-06-08,60,60,Complete
DEV0002453,POL002156,PO00432,SUP008,SKU0034,STR021,2026-05-29,2026-06-08,2026-06-07,137,137,Complete
DEV0002454,POL002157,PO00432,SUP007,SKU0037,STR004,2026-05-29,2026-06-08,2026-06-08,47,47,Complete
DEV0002455,POL002158,PO00432,SUP001,SKU0040,STR011,2026-05-29,2026-06-08,2026-06-08,26,20,Partially Received
DEV0002456,POL002159,PO00432,SUP012,SKU0043,STR018,2026-05-29,2026-06-08,2026-06-06,131,131,Complete
DEV0002457,POL002160,PO00432,SUP006,SKU0046,STR001,2026-05-29,2026-06-08,2026-06-08,140,140,Complete
DEV0002458,POL002161,PO00433,SUP012,SKU0049,STR008,2026-05-29,2026-06-08,2026-06-06,116,116,Complete
DEV0002459,POL002162,PO00433,SUP011,SKU0052,STR015,2026-05-29,2026-06-08,2026-06-07,96,96,Complete
DEV0002460,POL002163,PO00433,SUP005,SKU0055,STR022,2026-05-29,2026-06-08,2026-06-08,132,132,Complete
DEV0002461,POL002164,PO00433,SUP004,SKU0058,STR005,2026-05-29,2026-06-08,2026-06-07,49,49,Complete
DEV0002462,POL002165,PO00433,SUP010,SKU0061,STR012,2026-05-29,2026-06-08,2026-06-07,77,48,Complete
DEV0002463,POL002165,PO00433,SUP010,SKU0061,STR012,2026-05-29,2026-06-08,2026-06-08,77,29,Complete
DEV0002464,POL002166,PO00434,SUP009,SKU0064,STR019,2026-05-29,2026-06-08,2026-06-08,47,47,Complete
DEV0002465,POL002167,PO00434,SUP003,SKU0067,STR002,2026-05-29,2026-06-08,2026-06-08,84,84,Complete
DEV0002466,POL002168,PO00434,SUP009,SKU0070,STR009,2026-05-29,2026-06-08,2026-06-08,77,77,Complete
DEV0002467,POL002169,PO00434,SUP008,SKU0073,STR016,2026-05-29,2026-06-08,2026-06-08,88,88,Complete
DEV0002468,POL002170,PO00434,SUP002,SKU0076,STR023,2026-05-29,2026-06-08,2026-06-07,131,93,Partially Received
DEV0002469,POL002171,PO00435,SUP001,SKU0079,STR006,2026-05-29,2026-06-08,2026-06-08,80,80,Complete
DEV0002470,POL002172,PO00435,SUP007,SKU0082,STR013,2026-05-29,2026-06-08,2026-06-08,92,92,Complete
DEV0002471,POL002173,PO00435,SUP006,SKU0085,STR020,2026-05-29,2026-06-08,2026-06-06,67,67,Complete
DEV0002472,POL002174,PO00435,SUP012,SKU0088,STR003,2026-05-29,2026-06-08,2026-06-06,108,108,Complete
DEV0002473,POL002175,PO00435,SUP006,SKU0091,STR010,2026-05-29,2026-06-08,2026-06-07,72,72,Complete
DEV0002474,POL002176,PO00436,SUP005,SKU0094,STR017,2026-05-29,2026-06-08,2026-06-06,120,120,Complete
DEV0002475,POL002177,PO00436,SUP006,SKU0003,STR024,2026-06-05,2026-06-15,2026-06-14,128,128,Complete
DEV0002476,POL002178,PO00436,SUP012,SKU0006,STR007,2026-06-05,2026-06-15,2026-06-14,112,112,Complete
DEV0002477,POL002179,PO00436,SUP011,SKU0009,STR014,2026-06-05,2026-06-15,2026-06-13,131,131,Complete
DEV0002478,POL002180,PO00436,SUP005,SKU0012,STR021,2026-06-05,2026-06-15,2026-06-13,97,97,Complete
DEV0002479,POL002181,PO00437,SUP004,SKU0015,STR004,2026-06-05,2026-06-15,2026-06-14,90,90,Complete
DEV0002480,POL002182,PO00437,SUP010,SKU0018,STR011,2026-06-05,2026-06-15,2026-06-14,83,83,Complete
DEV0002481,POL002183,PO00437,SUP004,SKU0021,STR018,2026-06-05,2026-06-15,2026-06-15,112,112,Complete
DEV0002482,POL002184,PO00437,SUP003,SKU0024,STR001,2026-06-05,2026-06-15,2026-06-13,107,107,Complete
DEV0002483,POL002185,PO00437,SUP009,SKU0027,STR008,2026-06-05,2026-06-15,2026-06-13,136,136,Complete
DEV0002484,POL002186,PO00438,SUP008,SKU0030,STR015,2026-06-05,2026-06-15,2026-06-13,88,88,Complete
DEV0002485,POL002187,PO00438,SUP002,SKU0033,STR022,2026-06-05,2026-06-15,2026-06-13,91,91,Complete
DEV0002486,POL002188,PO00438,SUP001,SKU0036,STR005,2026-06-05,2026-06-15,2026-06-17,123,103,Partially Received
DEV0002487,POL002189,PO00438,SUP007,SKU0039,STR012,2026-06-05,2026-06-15,2026-06-14,42,42,Complete
DEV0002488,POL002190,PO00438,SUP001,SKU0042,STR019,2026-06-05,2026-06-15,2026-06-16,114,86,Partially Received
DEV0002489,POL002191,PO00439,SUP012,SKU0045,STR002,2026-06-05,2026-06-15,2026-06-13,56,40,Partially Received
DEV0002490,POL002192,PO00439,SUP006,SKU0048,STR009,2026-06-05,2026-06-15,2026-06-13,111,111,Complete
DEV0002491,POL002193,PO00439,SUP005,SKU0051,STR016,2026-06-05,2026-06-15,2026-06-13,110,70,Complete
DEV0002492,POL002193,PO00439,SUP005,SKU0051,STR016,2026-06-05,2026-06-15,2026-06-14,110,40,Complete
DEV0002493,POL002194,PO00439,SUP011,SKU0054,STR023,2026-06-05,2026-06-15,2026-06-13,59,38,Complete
DEV0002494,POL002194,PO00439,SUP011,SKU0054,STR023,2026-06-05,2026-06-15,2026-06-14,59,21,Complete
DEV0002495,POL002195,PO00439,SUP010,SKU0057,STR006,2026-06-05,2026-06-15,2026-06-13,128,128,Complete
DEV0002496,POL002196,PO00440,SUP004,SKU0060,STR013,2026-06-05,2026-06-15,2026-06-15,67,67,Complete
DEV0002497,POL002197,PO00440,SUP010,SKU0063,STR020,2026-06-05,2026-06-15,2026-06-13,30,30,Complete
DEV0002498,POL002198,PO00440,SUP009,SKU0066,STR003,2026-06-05,2026-06-15,2026-06-14,24,24,Complete
DEV0002499,POL002199,PO00440,SUP003,SKU0069,STR010,2026-06-05,2026-06-15,2026-06-14,82,82,Complete
DEV0002500,POL002200,PO00440,SUP002,SKU0072,STR017,2026-06-05,2026-06-15,2026-06-14,37,37,Complete
DEV0002501,POL002201,PO00441,SUP008,SKU0075,STR024,2026-06-05,2026-06-15,2026-06-14,48,48,Complete
DEV0002502,POL002202,PO00441,SUP007,SKU0078,STR007,2026-06-05,2026-06-15,2026-06-15,43,43,Complete
DEV0002503,POL002203,PO00441,SUP001,SKU0081,STR014,2026-06-05,2026-06-15,2026-06-14,105,105,Complete
DEV0002504,POL002204,PO00441,SUP007,SKU0084,STR021,2026-06-05,2026-06-15,2026-06-15,78,78,Complete
DEV0002505,POL002205,PO00441,SUP006,SKU0087,STR004,2026-06-05,2026-06-15,2026-06-13,80,54,Complete
DEV0002506,POL002205,PO00441,SUP006,SKU0087,STR004,2026-06-05,2026-06-15,2026-06-14,80,26,Complete
DEV0002507,POL002206,PO00442,SUP012,SKU0090,STR011,2026-06-05,2026-06-15,2026-06-14,76,76,Complete
DEV0002508,POL002207,PO00442,SUP011,SKU0093,STR018,2026-06-05,2026-06-15,2026-06-15,67,67,Complete
DEV0002509,POL002208,PO00442,SUP005,SKU0096,STR001,2026-06-05,2026-06-15,2026-06-15,79,79,Complete
DEV0002510,POL002209,PO00442,SUP012,SKU0002,STR008,2026-06-12,2026-06-22,2026-06-22,79,79,Complete
DEV0002511,POL002210,PO00442,SUP006,SKU0005,STR015,2026-06-12,2026-06-22,2026-06-22,112,112,Complete
DEV0002512,POL002211,PO00443,SUP005,SKU0008,STR022,2026-06-12,2026-06-22,2026-06-20,33,33,Complete
DEV0002513,POL002212,PO00443,SUP011,SKU0011,STR005,2026-06-12,2026-06-22,2026-06-25,132,132,Complete
DEV0002514,POL002213,PO00443,SUP005,SKU0014,STR012,2026-06-12,2026-06-22,2026-06-20,33,33,Complete
DEV0002515,POL002214,PO00443,SUP004,SKU0017,STR019,2026-06-12,2026-06-22,2026-06-21,28,28,Complete
DEV0002516,POL002215,PO00443,SUP010,SKU0020,STR002,2026-06-12,2026-06-22,2026-06-21,131,131,Complete
DEV0002517,POL002216,PO00444,SUP009,SKU0023,STR009,2026-06-12,2026-06-22,2026-06-22,103,103,Complete
DEV0002518,POL002217,PO00444,SUP003,SKU0026,STR016,2026-06-12,2026-06-22,2026-06-20,135,99,Complete
DEV0002519,POL002217,PO00444,SUP003,SKU0026,STR016,2026-06-12,2026-06-22,2026-06-21,135,36,Complete
DEV0002520,POL002218,PO00444,SUP002,SKU0029,STR023,2026-06-12,2026-06-22,2026-06-24,122,122,Complete
DEV0002521,POL002219,PO00444,SUP008,SKU0032,STR006,2026-06-12,2026-06-22,2026-06-21,86,86,Complete
DEV0002522,POL002220,PO00444,SUP002,SKU0035,STR013,2026-06-12,2026-06-22,2026-06-21,73,47,Complete
DEV0002523,POL002220,PO00444,SUP002,SKU0035,STR013,2026-06-12,2026-06-22,2026-06-22,73,26,Complete
DEV0002524,POL002221,PO00445,SUP001,SKU0038,STR020,2026-06-12,2026-06-22,2026-06-27,103,103,Complete
DEV0002525,POL002222,PO00445,SUP007,SKU0041,STR003,2026-06-12,2026-06-22,2026-06-20,126,126,Complete
DEV0002526,POL002223,PO00445,SUP006,SKU0044,STR010,2026-06-12,2026-06-22,2026-06-22,85,85,Complete
DEV0002527,POL002224,PO00445,SUP012,SKU0047,STR017,2026-06-12,2026-06-22,2026-06-21,115,78,Partially Received
DEV0002528,POL002225,PO00445,SUP011,SKU0050,STR024,2026-06-12,2026-06-22,2026-06-22,116,116,Complete
DEV0002529,POL002226,PO00446,SUP005,SKU0053,STR007,2026-06-12,2026-06-22,2026-06-20,136,112,Partially Received
DEV0002530,POL002227,PO00446,SUP011,SKU0056,STR014,2026-06-12,2026-06-22,2026-06-22,25,25,Complete
DEV0002531,POL002228,PO00446,SUP010,SKU0059,STR021,2026-06-12,2026-06-22,2026-06-20,99,71,Partially Received
DEV0002532,POL002229,PO00446,SUP004,SKU0062,STR004,2026-06-12,2026-06-22,2026-06-20,50,50,Complete
DEV0002533,POL002230,PO00446,SUP003,SKU0065,STR011,2026-06-12,2026-06-22,2026-06-21,100,100,Complete
DEV0002534,POL002231,PO00447,SUP009,SKU0068,STR018,2026-06-12,2026-06-22,2026-06-20,29,29,Complete
DEV0002535,POL002232,PO00447,SUP008,SKU0071,STR001,2026-06-12,2026-06-22,2026-06-21,113,74,Complete
DEV0002536,POL002232,PO00447,SUP008,SKU0071,STR001,2026-06-12,2026-06-22,2026-06-22,113,39,Complete
DEV0002537,POL002233,PO00447,SUP002,SKU0074,STR008,2026-06-12,2026-06-22,2026-06-22,106,106,Complete
DEV0002538,POL002234,PO00447,SUP008,SKU0077,STR015,2026-06-12,2026-06-22,2026-06-20,63,63,Complete
DEV0002539,POL002235,PO00447,SUP007,SKU0080,STR022,2026-06-12,2026-06-22,2026-06-23,103,103,Complete
DEV0002540,POL002236,PO00448,SUP001,SKU0083,STR005,2026-06-12,2026-06-22,2026-06-23,132,132,Complete
DEV0002541,POL002237,PO00448,SUP012,SKU0086,STR012,2026-06-12,2026-06-22,2026-06-21,84,84,Complete
DEV0002542,POL002238,PO00448,SUP006,SKU0089,STR019,2026-06-12,2026-06-22,2026-06-20,25,25,Complete
DEV0002543,POL002239,PO00448,SUP005,SKU0092,STR002,2026-06-12,2026-06-22,2026-06-20,44,44,Complete
DEV0002544,POL002240,PO00448,SUP011,SKU0095,STR009,2026-06-12,2026-06-22,2026-06-21,72,72,Complete
DEV0002545,POL002241,PO00449,SUP006,SKU0001,STR016,2026-06-19,2026-06-29,2026-06-26,116,73,Complete
DEV0002546,POL002241,PO00449,SUP006,SKU0001,STR016,2026-06-19,2026-06-29,2026-06-27,116,43,Complete
DEV0002547,POL002242,PO00449,SUP012,SKU0004,STR023,2026-06-19,2026-06-29,2026-06-27,90,90,Complete
DEV0002548,POL002243,PO00449,SUP006,SKU0007,STR006,2026-06-19,2026-06-29,2026-06-27,81,81,Complete
DEV0002549,POL002244,PO00449,SUP005,SKU0010,STR013,2026-06-19,2026-06-29,2026-06-28,30,30,Complete
DEV0002550,POL002245,PO00449,SUP011,SKU0013,STR020,2026-06-19,2026-06-29,2026-06-29,42,42,Complete
DEV0002551,POL002246,PO00450,SUP010,SKU0016,STR003,2026-06-19,2026-06-29,2026-06-27,70,70,Complete
DEV0002552,POL002247,PO00450,SUP004,SKU0019,STR010,2026-06-19,2026-06-29,2026-06-28,43,31,Partially Received
DEV0002553,POL002248,PO00450,SUP003,SKU0022,STR017,2026-06-19,2026-06-29,2026-06-28,120,120,Complete
DEV0002554,POL002249,PO00450,SUP009,SKU0025,STR024,2026-06-19,2026-06-29,2026-06-27,59,59,Complete
DEV0002555,POL002250,PO00450,SUP003,SKU0028,STR007,2026-06-19,2026-06-29,2026-06-27,84,84,Complete
DEV0002556,POL002251,PO00451,SUP002,SKU0031,STR014,2026-06-19,2026-06-29,2026-06-29,112,112,Complete
DEV0002557,POL002252,PO00451,SUP008,SKU0034,STR021,2026-06-19,2026-06-29,2026-06-27,92,92,Complete
DEV0002558,POL002253,PO00451,SUP007,SKU0037,STR004,2026-06-19,2026-06-29,2026-06-27,72,72,Complete
DEV0002559,POL002254,PO00451,SUP001,SKU0040,STR011,2026-06-19,2026-06-29,2026-06-28,36,36,Complete
DEV0002560,POL002255,PO00451,SUP012,SKU0043,STR018,2026-06-19,2026-06-29,2026-07-02,137,137,Complete
DEV0002561,POL002256,PO00452,SUP006,SKU0046,STR001,2026-06-19,2026-06-29,2026-06-29,109,109,Complete
DEV0002562,POL002257,PO00452,SUP012,SKU0049,STR008,2026-06-19,2026-06-29,2026-06-27,64,64,Complete
DEV0002563,POL002258,PO00452,SUP011,SKU0052,STR015,2026-06-19,2026-06-29,2026-06-28,98,98,Complete
DEV0002564,POL002259,PO00452,SUP005,SKU0055,STR022,2026-06-19,2026-06-29,2026-06-29,43,43,Complete
DEV0002565,POL002260,PO00452,SUP004,SKU0058,STR005,2026-06-19,2026-06-29,2026-06-27,38,38,Complete
DEV0002566,POL002261,PO00453,SUP010,SKU0061,STR012,2026-06-19,2026-06-29,2026-06-27,36,36,Complete
DEV0002567,POL002262,PO00453,SUP009,SKU0064,STR019,2026-06-19,2026-06-29,2026-06-28,135,53,Partially Received
DEV0002568,POL002262,PO00453,SUP009,SKU0064,STR019,2026-06-19,2026-06-29,2026-06-29,135,40,Partially Received
DEV0002569,POL002263,PO00453,SUP003,SKU0067,STR002,2026-06-19,2026-06-29,2026-06-26,136,90,Complete
DEV0002570,POL002263,PO00453,SUP003,SKU0067,STR002,2026-06-19,2026-06-29,2026-06-27,136,46,Complete
DEV0002571,POL002264,PO00453,SUP009,SKU0070,STR009,2026-06-19,2026-06-29,2026-06-28,128,128,Complete
DEV0002572,POL002265,PO00453,SUP008,SKU0073,STR016,2026-06-19,2026-06-29,2026-06-28,89,89,Complete
DEV0002573,POL002266,PO00454,SUP002,SKU0076,STR023,2026-06-19,2026-06-29,2026-06-29,53,30,Complete
DEV0002574,POL002266,PO00454,SUP002,SKU0076,STR023,2026-06-19,2026-06-29,2026-06-30,53,23,Complete
DEV0002575,POL002267,PO00454,SUP001,SKU0079,STR006,2026-06-19,2026-06-29,2026-07-02,69,51,Partially Received
DEV0002576,POL002268,PO00454,SUP007,SKU0082,STR013,2026-06-19,2026-06-29,2026-06-29,88,88,Complete
DEV0002577,POL002269,PO00454,SUP006,SKU0085,STR020,2026-06-19,2026-06-29,2026-06-27,79,79,Complete
DEV0002578,POL002270,PO00454,SUP012,SKU0088,STR003,2026-06-19,2026-06-29,2026-06-29,48,48,Complete
DEV0002579,POL002271,PO00455,SUP006,SKU0091,STR010,2026-06-19,2026-06-29,2026-07-04,100,100,Complete
DEV0002580,POL002272,PO00455,SUP005,SKU0094,STR017,2026-06-19,2026-06-29,2026-06-27,123,123,Complete
DEV0002581,POL002273,PO00455,SUP006,SKU0003,STR024,2026-06-26,2026-07-06,2026-07-06,46,46,Complete
DEV0002582,POL002274,PO00455,SUP012,SKU0006,STR007,2026-06-26,2026-07-06,2026-07-04,136,136,Complete
DEV0002583,POL002275,PO00455,SUP011,SKU0009,STR014,2026-06-26,2026-07-06,2026-07-04,55,55,Complete
DEV0002584,POL002276,PO00456,SUP005,SKU0012,STR021,2026-06-26,2026-07-06,2026-07-05,49,49,Complete
DEV0002585,POL002277,PO00456,SUP004,SKU0015,STR004,2026-06-26,2026-07-06,2026-07-06,89,73,Partially Received
DEV0002586,POL002278,PO00456,SUP010,SKU0018,STR011,2026-06-26,2026-07-06,2026-07-04,54,54,Complete
DEV0002587,POL002279,PO00456,SUP004,SKU0021,STR018,2026-06-26,2026-07-06,2026-07-06,49,49,Complete
DEV0002588,POL002280,PO00456,SUP003,SKU0024,STR001,2026-06-26,2026-07-06,2026-07-05,117,86,Complete
DEV0002589,POL002280,PO00456,SUP003,SKU0024,STR001,2026-06-26,2026-07-06,2026-07-06,117,31,Complete
DEV0002590,POL002281,PO00457,SUP009,SKU0027,STR008,2026-06-26,2026-07-06,2026-07-05,109,109,Complete
DEV0002591,POL002282,PO00457,SUP008,SKU0030,STR015,2026-06-26,2026-07-06,2026-07-05,121,72,Complete
DEV0002592,POL002282,PO00457,SUP008,SKU0030,STR015,2026-06-26,2026-07-06,2026-07-06,121,49,Complete
DEV0002593,POL002283,PO00457,SUP002,SKU0033,STR022,2026-06-26,2026-07-06,2026-07-06,134,134,Complete
DEV0002594,POL002284,PO00457,SUP001,SKU0036,STR005,2026-06-26,2026-07-06,2026-07-09,120,120,Complete
DEV0002595,POL002285,PO00457,SUP007,SKU0039,STR012,2026-06-26,2026-07-06,2026-07-05,104,104,Complete
DEV0002596,POL002286,PO00458,SUP001,SKU0042,STR019,2026-06-26,2026-07-06,2026-07-10,66,28,Partially Received
DEV0002597,POL002286,PO00458,SUP001,SKU0042,STR019,2026-06-26,2026-07-06,2026-07-11,66,33,Partially Received
DEV0002598,POL002287,PO00458,SUP012,SKU0045,STR002,2026-06-26,2026-07-06,2026-07-05,74,74,Complete
DEV0002599,POL002288,PO00458,SUP006,SKU0048,STR009,2026-06-26,2026-07-06,2026-07-05,104,104,Complete
DEV0002600,POL002289,PO00458,SUP005,SKU0051,STR016,2026-06-26,2026-07-06,2026-07-06,26,26,Complete
DEV0002601,POL002290,PO00458,SUP011,SKU0054,STR023,2026-06-26,2026-07-06,2026-07-05,76,76,Complete
DEV0002602,POL002291,PO00459,SUP010,SKU0057,STR006,2026-06-26,2026-07-06,2026-07-07,62,62,Complete
DEV0002603,POL002292,PO00459,SUP004,SKU0060,STR013,2026-06-26,2026-07-06,2026-07-06,136,136,Complete
DEV0002604,POL002293,PO00459,SUP010,SKU0063,STR020,2026-06-26,2026-07-06,2026-07-04,65,65,Complete
DEV0002605,POL002294,PO00459,SUP009,SKU0066,STR003,2026-06-26,2026-07-06,2026-07-05,91,91,Complete
DEV0002606,POL002295,PO00459,SUP003,SKU0069,STR010,2026-06-26,2026-07-06,2026-07-04,115,115,Complete
DEV0002607,POL002296,PO00460,SUP002,SKU0072,STR017,2026-06-26,2026-07-06,2026-07-04,136,136,Complete
DEV0002608,POL002297,PO00460,SUP008,SKU0075,STR024,2026-06-26,2026-07-06,2026-07-04,131,84,Complete
DEV0002609,POL002297,PO00460,SUP008,SKU0075,STR024,2026-06-26,2026-07-06,2026-07-05,131,47,Complete
DEV0002610,POL002298,PO00460,SUP007,SKU0078,STR007,2026-06-26,2026-07-06,2026-07-06,89,89,Complete
DEV0002611,POL002299,PO00460,SUP001,SKU0081,STR014,2026-06-26,2026-07-06,2026-07-07,106,106,Complete
DEV0002612,POL002300,PO00460,SUP007,SKU0084,STR021,2026-06-26,2026-07-06,2026-07-06,68,68,Complete
DEV0002613,POL002301,PO00461,SUP006,SKU0087,STR004,2026-06-26,2026-07-06,2026-07-03,53,29,Complete
DEV0002614,POL002301,PO00461,SUP006,SKU0087,STR004,2026-06-26,2026-07-06,2026-07-04,53,24,Complete
DEV0002615,POL002302,PO00461,SUP012,SKU0090,STR011,2026-06-26,2026-07-06,2026-07-05,91,61,Complete
DEV0002616,POL002302,PO00461,SUP012,SKU0090,STR011,2026-06-26,2026-07-06,2026-07-06,91,30,Complete
DEV0002617,POL002303,PO00461,SUP011,SKU0093,STR018,2026-06-26,2026-07-06,2026-07-06,138,138,Complete
DEV0002618,POL002304,PO00461,SUP005,SKU0096,STR001,2026-06-26,2026-07-06,2026-07-04,96,96,Complete
DEV0002619,POL002305,PO00461,SUP012,SKU0002,STR008,2026-07-03,2026-07-13,2026-07-11,54,54,Complete
DEV0002620,POL002306,PO00462,SUP006,SKU0005,STR015,2026-07-03,2026-07-13,2026-07-12,24,24,Complete
DEV0002621,POL002307,PO00462,SUP005,SKU0008,STR022,2026-07-03,2026-07-13,2026-07-12,68,68,Complete
DEV0002622,POL002308,PO00462,SUP011,SKU0011,STR005,2026-07-03,2026-07-13,2026-07-17,61,43,Complete
DEV0002623,POL002308,PO00462,SUP011,SKU0011,STR005,2026-07-03,2026-07-13,2026-07-18,61,18,Complete
DEV0002624,POL002309,PO00462,SUP005,SKU0014,STR012,2026-07-03,2026-07-13,2026-07-13,102,102,Complete
DEV0002625,POL002310,PO00462,SUP004,SKU0017,STR019,2026-07-03,2026-07-13,2026-07-11,37,37,Complete
DEV0002626,POL002311,PO00463,SUP010,SKU0020,STR002,2026-07-03,2026-07-13,2026-07-11,133,133,Complete
DEV0002627,POL002312,PO00463,SUP009,SKU0023,STR009,2026-07-03,2026-07-13,2026-07-17,64,64,Complete
DEV0002628,POL002313,PO00463,SUP003,SKU0026,STR016,2026-07-03,2026-07-13,2026-07-12,117,117,Complete
DEV0002629,POL002314,PO00463,SUP002,SKU0029,STR023,2026-07-03,2026-07-13,2026-07-11,88,51,Complete
DEV0002630,POL002314,PO00463,SUP002,SKU0029,STR023,2026-07-03,2026-07-13,2026-07-12,88,37,Complete
DEV0002631,POL002315,PO00463,SUP008,SKU0032,STR006,2026-07-03,2026-07-13,2026-07-12,34,34,Complete
DEV0002632,POL002316,PO00464,SUP002,SKU0035,STR013,2026-07-03,2026-07-13,2026-07-12,91,91,Complete
DEV0002633,POL002317,PO00464,SUP001,SKU0038,STR020,2026-07-03,2026-07-13,2026-07-11,88,88,Complete
DEV0002634,POL002318,PO00464,SUP007,SKU0041,STR003,2026-07-03,2026-07-13,2026-07-11,108,108,Complete
DEV0002635,POL002319,PO00464,SUP006,SKU0044,STR010,2026-07-03,2026-07-13,2026-07-11,92,92,Complete
DEV0002636,POL002320,PO00464,SUP012,SKU0047,STR017,2026-07-03,2026-07-13,2026-07-11,88,88,Complete
DEV0002637,POL002321,PO00465,SUP011,SKU0050,STR024,2026-07-03,2026-07-13,2026-07-12,116,116,Complete
DEV0002638,POL002322,PO00465,SUP005,SKU0053,STR007,2026-07-03,2026-07-13,2026-07-13,122,122,Complete
DEV0002639,POL002323,PO00465,SUP011,SKU0056,STR014,2026-07-03,2026-07-13,2026-07-13,92,63,Partially Received
DEV0002640,POL002324,PO00465,SUP010,SKU0059,STR021,2026-07-03,2026-07-13,2026-07-13,65,65,Complete
DEV0002641,POL002325,PO00465,SUP004,SKU0062,STR004,2026-07-03,2026-07-13,2026-07-13,57,57,Complete
DEV0002642,POL002326,PO00466,SUP003,SKU0065,STR011,2026-07-03,2026-07-13,2026-07-13,24,24,Complete
DEV0002643,POL002327,PO00466,SUP009,SKU0068,STR018,2026-07-03,2026-07-13,2026-07-13,122,122,Complete
DEV0002644,POL002328,PO00466,SUP008,SKU0071,STR001,2026-07-03,2026-07-13,2026-07-12,82,82,Complete
DEV0002645,POL002329,PO00466,SUP002,SKU0074,STR008,2026-07-03,2026-07-13,2026-07-13,27,27,Complete
DEV0002646,POL002330,PO00466,SUP008,SKU0077,STR015,2026-07-03,2026-07-13,2026-07-11,35,35,Complete
DEV0002647,POL002331,PO00467,SUP007,SKU0080,STR022,2026-07-03,2026-07-13,2026-07-11,88,88,Complete
DEV0002648,POL002332,PO00467,SUP001,SKU0083,STR005,2026-07-03,2026-07-13,2026-07-13,111,111,Complete
DEV0002649,POL002333,PO00467,SUP012,SKU0086,STR012,2026-07-03,2026-07-13,2026-07-13,133,133,Complete
DEV0002650,POL002334,PO00467,SUP006,SKU0089,STR019,2026-07-03,2026-07-13,2026-07-12,25,25,Complete
DEV0002651,POL002335,PO00467,SUP005,SKU0092,STR002,2026-07-03,2026-07-13,2026-07-12,139,139,Complete
DEV0002652,POL002336,PO00468,SUP011,SKU0095,STR009,2026-07-03,2026-07-13,2026-07-11,96,96,Complete
DEV0002653,POL002337,PO00468,SUP006,SKU0001,STR016,2026-07-10,2026-07-20,2026-07-19,45,45,Complete
DEV0002654,POL002338,PO00468,SUP012,SKU0004,STR023,2026-07-10,2026-07-20,2026-07-18,52,52,Complete
DEV0002655,POL002339,PO00468,SUP006,SKU0007,STR006,2026-07-10,2026-07-20,2026-07-19,82,82,Complete
DEV0002656,POL002340,PO00468,SUP005,SKU0010,STR013,2026-07-10,2026-07-20,2026-07-24,109,109,Complete
DEV0002657,POL002341,PO00469,SUP011,SKU0013,STR020,2026-07-10,2026-07-20,2026-07-20,49,49,Complete
DEV0002658,POL002342,PO00469,SUP010,SKU0016,STR003,2026-07-10,2026-07-20,2026-07-18,61,61,Complete
DEV0002659,POL002343,PO00469,SUP004,SKU0019,STR010,2026-07-10,2026-07-20,2026-07-20,121,121,Complete
DEV0002660,POL002344,PO00469,SUP003,SKU0022,STR017,2026-07-10,2026-07-20,2026-07-19,104,104,Complete
DEV0002661,POL002345,PO00469,SUP009,SKU0025,STR024,2026-07-10,2026-07-20,2026-07-21,40,40,Complete
DEV0002662,POL002346,PO00470,SUP003,SKU0028,STR007,2026-07-10,2026-07-20,2026-07-20,40,40,Complete
DEV0002663,POL002347,PO00470,SUP002,SKU0031,STR014,2026-07-10,2026-07-20,2026-07-22,29,29,Complete
DEV0002664,POL002348,PO00470,SUP008,SKU0034,STR021,2026-07-10,2026-07-20,2026-07-20,112,97,Partially Received
DEV0002665,POL002349,PO00470,SUP007,SKU0037,STR004,2026-07-10,2026-07-20,2026-07-19,138,138,Complete
DEV0002666,POL002350,PO00470,SUP001,SKU0040,STR011,2026-07-10,2026-07-20,2026-07-24,117,117,Complete
DEV0002667,POL002351,PO00471,SUP012,SKU0043,STR018,2026-07-10,2026-07-20,2026-07-22,51,51,Complete
DEV0002668,POL002352,PO00471,SUP006,SKU0046,STR001,2026-07-10,2026-07-20,2026-07-18,78,78,Complete
DEV0002669,POL002353,PO00471,SUP012,SKU0049,STR008,2026-07-10,2026-07-20,2026-07-18,34,34,Complete
DEV0002670,POL002354,PO00471,SUP011,SKU0052,STR015,2026-07-10,2026-07-20,2026-07-18,29,29,Complete
DEV0002671,POL002355,PO00471,SUP005,SKU0055,STR022,2026-07-10,2026-07-20,2026-07-20,76,76,Complete
DEV0002672,POL002356,PO00472,SUP004,SKU0058,STR005,2026-07-10,2026-07-20,2026-07-20,87,87,Complete
DEV0002673,POL002357,PO00472,SUP010,SKU0061,STR012,2026-07-10,2026-07-20,2026-07-18,125,125,Complete
DEV0002674,POL002358,PO00472,SUP009,SKU0064,STR019,2026-07-10,2026-07-20,2026-07-18,116,116,Complete
DEV0002675,POL002359,PO00472,SUP003,SKU0067,STR002,2026-07-10,2026-07-20,2026-07-19,128,128,Complete
DEV0002676,POL002360,PO00472,SUP009,SKU0070,STR009,2026-07-10,2026-07-20,2026-07-18,83,83,Complete
DEV0002677,POL002361,PO00473,SUP008,SKU0073,STR016,2026-07-10,2026-07-20,2026-07-20,43,40,Partially Received
DEV0002678,POL002362,PO00473,SUP002,SKU0076,STR023,2026-07-10,2026-07-20,2026-07-20,35,35,Complete
DEV0002679,POL002363,PO00473,SUP001,SKU0079,STR006,2026-07-10,2026-07-20,2026-07-20,80,80,Complete
DEV0002680,POL002364,PO00473,SUP007,SKU0082,STR013,2026-07-10,2026-07-20,2026-07-19,62,62,Complete
DEV0002681,POL002365,PO00473,SUP006,SKU0085,STR020,2026-07-10,2026-07-20,2026-07-19,57,39,Complete
DEV0002682,POL002365,PO00473,SUP006,SKU0085,STR020,2026-07-10,2026-07-20,2026-07-20,57,18,Complete
DEV0002683,POL002366,PO00474,SUP012,SKU0088,STR003,2026-07-10,2026-07-20,2026-07-17,136,89,Complete
DEV0002684,POL002366,PO00474,SUP012,SKU0088,STR003,2026-07-10,2026-07-20,2026-07-18,136,47,Complete
DEV0002685,POL002367,PO00474,SUP006,SKU0091,STR010,2026-07-10,2026-07-20,2026-07-24,92,62,Complete
DEV0002686,POL002367,PO00474,SUP006,SKU0091,STR010,2026-07-10,2026-07-20,2026-07-25,92,30,Complete
DEV0002687,POL002368,PO00474,SUP005,SKU0094,STR017,2026-07-10,2026-07-20,2026-07-18,39,39,Complete
DEV0002688,POL002369,PO00474,SUP006,SKU0003,STR024,2026-07-17,2026-07-27,2026-07-25,127,127,Complete
DEV0002689,POL002370,PO00474,SUP012,SKU0006,STR007,2026-07-17,2026-07-27,2026-07-25,73,73,Complete
DEV0002690,POL002371,PO00475,SUP011,SKU0009,STR014,2026-07-17,2026-07-27,2026-07-26,74,74,Complete
DEV0002691,POL002372,PO00475,SUP005,SKU0012,STR021,2026-07-17,2026-07-27,2026-07-26,131,131,Complete
DEV0002692,POL002373,PO00475,SUP004,SKU0015,STR004,2026-07-17,2026-07-27,2026-07-30,94,94,Complete
DEV0002693,POL002374,PO00475,SUP010,SKU0018,STR011,2026-07-17,2026-07-27,2026-07-26,99,83,Partially Received
DEV0002694,POL002375,PO00475,SUP004,SKU0021,STR018,2026-07-17,2026-07-27,2026-07-26,67,35,Complete
DEV0002695,POL002375,PO00475,SUP004,SKU0021,STR018,2026-07-17,2026-07-27,2026-07-27,67,32,Complete
DEV0002696,POL002376,PO00476,SUP003,SKU0024,STR001,2026-07-17,2026-07-27,2026-07-27,75,75,Complete
DEV0002697,POL002377,PO00476,SUP009,SKU0027,STR008,2026-07-17,2026-07-27,2026-07-25,108,108,Complete
DEV0002698,POL002378,PO00476,SUP008,SKU0030,STR015,2026-07-17,2026-07-27,2026-07-27,93,72,Partially Received
DEV0002699,POL002379,PO00476,SUP002,SKU0033,STR022,2026-07-17,2026-07-27,2026-07-26,80,80,Complete
DEV0002700,POL002380,PO00476,SUP001,SKU0036,STR005,2026-07-17,2026-07-27,2026-08-01,73,57,Partially Received
DEV0002701,POL002381,PO00477,SUP007,SKU0039,STR012,2026-07-17,2026-07-27,2026-07-25,75,75,Complete
DEV0002702,POL002382,PO00477,SUP001,SKU0042,STR019,2026-07-17,2026-07-27,2026-07-27,98,98,Complete
DEV0002703,POL002383,PO00477,SUP012,SKU0045,STR002,2026-07-17,2026-07-27,2026-07-27,83,83,Complete
DEV0002704,POL002384,PO00477,SUP006,SKU0048,STR009,2026-07-17,2026-07-27,2026-07-26,68,68,Complete
DEV0002705,POL002385,PO00477,SUP005,SKU0051,STR016,2026-07-17,2026-07-27,2026-07-27,84,84,Complete
DEV0002706,POL002386,PO00478,SUP011,SKU0054,STR023,2026-07-17,2026-07-27,2026-07-27,37,37,Complete
DEV0002707,POL002387,PO00478,SUP010,SKU0057,STR006,2026-07-17,2026-07-27,2026-07-25,86,63,Partially Received
DEV0002708,POL002388,PO00478,SUP004,SKU0060,STR013,2026-07-17,2026-07-27,2026-07-25,86,86,Complete
DEV0002709,POL002389,PO00478,SUP010,SKU0063,STR020,2026-07-17,2026-07-27,2026-07-27,131,131,Complete
DEV0002710,POL002390,PO00478,SUP009,SKU0066,STR003,2026-07-17,2026-07-27,2026-07-29,132,132,Complete
DEV0002711,POL002391,PO00479,SUP003,SKU0069,STR010,2026-07-17,2026-07-27,2026-07-25,84,84,Complete
DEV0002712,POL002392,PO00479,SUP002,SKU0072,STR017,2026-07-17,2026-07-27,2026-07-24,105,71,Complete
DEV0002713,POL002392,PO00479,SUP002,SKU0072,STR017,2026-07-17,2026-07-27,2026-07-25,105,34,Complete
DEV0002714,POL002393,PO00479,SUP008,SKU0075,STR024,2026-07-17,2026-07-27,2026-07-25,126,116,Partially Received
DEV0002715,POL002394,PO00479,SUP007,SKU0078,STR007,2026-07-17,2026-07-27,2026-07-25,99,99,Complete
DEV0002716,POL002395,PO00479,SUP001,SKU0081,STR014,2026-07-17,2026-07-27,2026-07-27,79,79,Complete
DEV0002717,POL002396,PO00480,SUP007,SKU0084,STR021,2026-07-17,2026-07-27,2026-07-24,82,59,Complete
DEV0002718,POL002396,PO00480,SUP007,SKU0084,STR021,2026-07-17,2026-07-27,2026-07-25,82,23,Complete
DEV0002719,POL002397,PO00480,SUP006,SKU0087,STR004,2026-07-17,2026-07-27,2026-07-25,62,62,Complete
DEV0002720,POL002398,PO00480,SUP012,SKU0090,STR011,2026-07-17,2026-07-27,2026-07-27,46,46,Complete
DEV0002721,POL002399,PO00480,SUP011,SKU0093,STR018,2026-07-17,2026-07-27,2026-07-28,41,41,Complete
DEV0002722,POL002400,PO00480,SUP005,SKU0096,STR001,2026-07-17,2026-07-27,2026-07-26,66,66,Complete
DEV0002723,POL002401,PO00481,SUP012,SKU0002,STR008,2026-07-24,2026-08-03,2026-08-03,85,85,Complete
DEV0002724,POL002402,PO00481,SUP006,SKU0005,STR015,2026-07-24,2026-08-03,2026-08-01,72,72,Complete
DEV0002725,POL002403,PO00481,SUP005,SKU0008,STR022,2026-07-24,2026-08-03,2026-08-01,80,80,Complete
DEV0002726,POL002404,PO00481,SUP011,SKU0011,STR005,2026-07-24,2026-08-03,2026-08-01,63,63,Complete
DEV0002727,POL002405,PO00481,SUP005,SKU0014,STR012,2026-07-24,2026-08-03,2026-07-31,77,36,Complete
DEV0002728,POL002405,PO00481,SUP005,SKU0014,STR012,2026-07-24,2026-08-03,2026-08-01,77,41,Complete
DEV0002729,POL002406,PO00482,SUP004,SKU0017,STR019,2026-07-24,2026-08-03,2026-08-02,38,38,Complete
DEV0002730,POL002407,PO00482,SUP010,SKU0020,STR002,2026-07-24,2026-08-03,2026-08-02,66,66,Complete
DEV0002731,POL002408,PO00482,SUP009,SKU0023,STR009,2026-07-24,2026-08-03,2026-08-04,70,70,Complete
DEV0002732,POL002409,PO00482,SUP003,SKU0026,STR016,2026-07-24,2026-08-03,2026-08-02,110,70,Complete
DEV0002733,POL002409,PO00482,SUP003,SKU0026,STR016,2026-07-24,2026-08-03,2026-08-03,110,40,Complete
DEV0002734,POL002410,PO00482,SUP002,SKU0029,STR023,2026-07-24,2026-08-03,2026-08-02,106,56,Complete
DEV0002735,POL002410,PO00482,SUP002,SKU0029,STR023,2026-07-24,2026-08-03,2026-08-03,106,50,Complete
DEV0002736,POL002411,PO00483,SUP008,SKU0032,STR006,2026-07-24,2026-08-03,2026-08-03,79,79,Complete
DEV0002737,POL002412,PO00483,SUP002,SKU0035,STR013,2026-07-24,2026-08-03,2026-08-03,35,35,Complete
DEV0002738,POL002413,PO00483,SUP001,SKU0038,STR020,2026-07-24,2026-08-03,2026-08-02,120,91,Partially Received
DEV0002739,POL002414,PO00483,SUP007,SKU0041,STR003,2026-07-24,2026-08-03,2026-08-03,52,52,Complete
DEV0002740,POL002415,PO00483,SUP006,SKU0044,STR010,2026-07-24,2026-08-03,2026-08-02,69,69,Complete
DEV0002741,POL002416,PO00484,SUP012,SKU0047,STR017,2026-07-24,2026-08-03,2026-08-08,85,85,Complete
DEV0002742,POL002417,PO00484,SUP011,SKU0050,STR024,2026-07-24,2026-08-03,2026-08-02,110,110,Complete
DEV0002743,POL002418,PO00484,SUP005,SKU0053,STR007,2026-07-24,2026-08-03,2026-08-03,51,36,Partially Received
DEV0002744,POL002419,PO00484,SUP011,SKU0056,STR014,2026-07-24,2026-08-03,2026-08-03,75,75,Complete
DEV0002745,POL002420,PO00484,SUP010,SKU0059,STR021,2026-07-24,2026-08-03,2026-07-31,68,40,Complete
DEV0002746,POL002420,PO00484,SUP010,SKU0059,STR021,2026-07-24,2026-08-03,2026-08-01,68,28,Complete
DEV0002747,POL002421,PO00485,SUP004,SKU0062,STR004,2026-07-24,2026-08-03,2026-08-03,129,129,Complete
DEV0002748,POL002422,PO00485,SUP003,SKU0065,STR011,2026-07-24,2026-08-03,2026-08-01,46,46,Complete
DEV0002749,POL002423,PO00485,SUP009,SKU0068,STR018,2026-07-24,2026-08-03,2026-08-01,105,105,Complete
DEV0002750,POL002424,PO00485,SUP008,SKU0071,STR001,2026-07-24,2026-08-03,2026-07-31,128,74,Partially Received
DEV0002751,POL002424,PO00485,SUP008,SKU0071,STR001,2026-07-24,2026-08-03,2026-08-01,128,31,Partially Received
DEV0002752,POL002425,PO00485,SUP002,SKU0074,STR008,2026-07-24,2026-08-03,2026-08-01,135,135,Complete
DEV0002753,POL002426,PO00486,SUP008,SKU0077,STR015,2026-07-24,2026-08-03,2026-08-03,110,110,Complete
DEV0002754,POL002427,PO00486,SUP007,SKU0080,STR022,2026-07-24,2026-08-03,2026-08-04,66,66,Complete
DEV0002755,POL002428,PO00486,SUP001,SKU0083,STR005,2026-07-24,2026-08-03,2026-08-04,117,86,Partially Received
DEV0002756,POL002429,PO00486,SUP012,SKU0086,STR012,2026-07-24,2026-08-03,2026-08-03,139,139,Complete
DEV0002757,POL002430,PO00486,SUP006,SKU0089,STR019,2026-07-24,2026-08-03,2026-08-02,47,47,Complete
DEV0002758,POL002431,PO00487,SUP005,SKU0092,STR002,2026-07-24,2026-08-03,2026-08-03,49,49,Complete
DEV0002759,POL002432,PO00487,SUP011,SKU0095,STR009,2026-07-24,2026-08-03,2026-08-01,127,127,Complete
